0.077499986,0.457500011,0.052499987,0.367500007,0.492500007,0.782500029,-0.806342542,-0.302971721
0.732499897,0.472499996,0.967500031,0.782500029,0.397500008,0.807500005,0.299842924,1.095569611
0.817499936,0.922500014,0.392499983,0.0625,0.952499986,0.452499986,-1.578906536,0.273735434
0.897499919,0.037500001,0.422499985,0.292499989,0.922500014,0.532500029,-0.152260393,0.0742741
0.92749989,0.727500021,0.42750001,0.94749999,0.127499998,0.412499994,-1.1168226,-0.546433806
0.777499914,0.69749999,0.652500033,0.237499997,0.547500014,0.192499995,-1.005192995,0.313360065
0.02249999,0.192499995,0.022499988,0.037500001,0.967499971,0.367500007,-0.284640491,-0.042744808
0.257499963,0.232500002,0.047499988,0.067500003,0.207499996,0.097499996,-0.271945685,0.125578433
0.137499973,0.717499971,0.217499986,0.172499999,0.432500005,0.197500005,-1.071887732,0.020966481
0.532499969,0.917500019,0.362499982,0.517499983,0.767499983,0.067500003,-1.810748577,-0.145599648
0.607499957,0.122500002,0.742500007,0.647499979,0.092500001,0.052499998,-0.113961868,0.023217695
0.882499933,0.94749999,0.367500007,0.597500026,0.587499976,0.487500012,-2.020576477,-0.657073677
0.832499921,0.632499993,0.57249999,0.0125,0.772499979,0.287499994,-0.73102963,0.196609199
0.362499952,0.242500007,0.507499993,0.047499999,0.632499993,0.1175,-0.288459182,0.112662472
0.252499968,0.672500014,0.282499999,0.967499971,0.42750001,0.622500002,-1.106389403,0.175175011
0.672499955,0.567499995,0.122499987,0.69749999,0.097499996,0.432500005,-0.24397628,-0.275592953
0.997499883,0.882499993,0.952499986,0.342500001,0.147499993,0.897499979,-1.307691216,4.28567028
0.862499893,0.317499995,0.667500019,0.727500021,0.972500026,0.102499999,-0.126238734,-0.123477496
0.972499907,0.237499997,0.18249999,0.177499995,0.472499996,0.0175,-0.012641466,0.160876885
0.392499954,0.287499994,0.382499993,0.257499993,0.272500008,0.682500005,-0.445741981,-0.261938184
0.582499921,0.367500007,0.9375,0.817499995,0.332500011,0.247500002,-0.185810551,0.184655234
0.797499895,0.907500029,0.097499989,0.592499971,0.44749999,0.8125,0.561664224,-4.400485992
0.412499964,0.622500002,0.32249999,0.112499997,0.202500001,0.147499993,-0.925562203,0.342845529
0.442499965,0.082500003,0.337500006,0.92750001,0.442499995,0.157499999,-0.138640821,-0.0665095
0.147499979,0.897499979,0.842500031,0.567499995,0.887499988,0.492500007,-1.100376844,0.350663334
0.967499912,0.152500004,0.087499991,0.197500005,0.622500002,0.612500012,-0.347699136,-0.044482954
0.092499986,0.227500007,0.512499988,0.682500005,0.0425,0.722500026,-0.338124663,-0.001984657
0.642499924,0.977500021,0.082499988,0.472499996,0.987500012,0.792500019,-1.084892154,-2.497823954
0.307499975,0.592499971,0.992500007,0.44749999,0.727500021,0.567499995,-0.897323072,0.437275589
0.002499992,0.432500005,0.717500031,0.382499993,0.167500004,0.717499971,-0.734075367,-0.139894396
0.56249994,0.32249999,0.887499988,0.857500017,0.882499993,0.832499981,-0.796879232,-0.283411264
0.422499955,0.992500007,0.477499992,0.407499999,0.577499986,0.0025,-1.76519978,-0.091876581
0.717499912,0.282499999,0.787500024,0.522499979,0.507499993,0.392500013,0.012120654,0.071709886
0.767499924,0.332500011,0.727500021,0.542500019,0.102499999,0.317499995,0.093460061,-0.09220688
0.757499933,0.587499976,0.772499979,0.162499994,0.852500021,0.67750001,-1.399395704,0.19950673
0.962499917,0.0125,0.577499986,0.637499988,0.597500026,0.82249999,-0.127017081,0.035613567
0.762499928,0.1875,0.037499987,0.827499986,0.232500002,0.92750001,-0.047255598,-0.222440779
0.032499991,0.267500013,0.252499998,0.232500002,0.067500003,0.112499997,-0.346711814,0.10724061
0.42749995,0.0175,0.827499986,0.297500014,0.817499995,0.282499999,-0.0891646,0.020382257
0.247499973,0.982500017,0.917500019,0.907500029,0.69749999,0.692499995,-1.367039323,0.094137006
0.43749994,0.522499979,0.402500004,0.392500013,0.722500026,0.292499989,-0.734331131,0.224296093
0.842499912,0.67750001,0.19749999,0.5625,0.162499994,0.237499997,0.267060369,0.010815405
0.462499946,0.82249999,0.142499983,0.202500001,0.517499983,0.172499999,-1.420444131,-0.462862968
0.932499886,0.807500005,0.517499983,0.742500007,0.287499994,0.667500019,-0.434733331,0.571827412
0.432499945,0.032499999,0.702499986,0.832499981,0.732500017,0.307500005,-0.092793405,-0.018315881
0.697499931,0.627499998,0.832499981,0.8125,0.957499981,0.0275,-0.738678336,0.184305623
0.502499938,0.737500012,0.94749999,0.317499995,0.0075,0.847500026,-1.658899069,1.946517825
0.372499973,0.962499976,0.837500036,0.442499995,0.712499976,0.702499986,-1.067607641,1.215499282
0.947499931,0.832499981,0.407499999,0.80250001,0.82249999,0.347499996,-1.514750361,-0.311739177
0.587499917,0.997500002,0.732500017,0.502499998,0.762499988,0.30250001,-1.977640033,0.810226023
0.117499985,0.112499997,0.412499994,0.712499976,0.1875,0.94749999,-0.301788896,-0.105122127
0.052499987,0.5625,0.527499974,0.432500005,0.212500006,0.44749999,-1.136965632,-0.030246984
0.68749994,0.787500024,0.272500008,0.207499996,0.182500005,0.262499988,-1.544943452,-0.537898123
0.837499917,0.467500001,0.442499995,0.862500012,0.4375,0.867500007,-1.489687681,-0.346675843
0.127499983,0.657500029,0.692499995,0.6875,0.917500019,0.152500004,-0.977382004,-0.110223077
0.822499931,0.92750001,0.957500041,0.252499998,0.372500002,0.592499971,1.059173346,4.469204903
0.367499948,0.722500026,0.277500004,0.797500014,0.782500029,0.547500014,-1.208086133,0.384929448
0.602499962,0.707499981,0.612500012,0.452499986,0.122500002,0.227500007,-0.706119299,-0.407200903
0.347499967,0.047499999,0.922500014,0.547500014,0.3125,0.087499999,-0.098555967,0.027016738
0.657499909,0.022500001,0.222499996,0.922500014,0.222499996,0.657500029,-0.117459685,0.345492154
0.152499974,0.362500012,0.737500012,0.877499998,0.087499999,0.402500004,-0.596871197,-0.194122598
0.482499957,0.867500007,0.987500012,0.052499998,0.777499974,0.337500006,-1.902925134,1.195284486
0.267499983,0.872500002,0.767499983,0.842499971,0.197500005,0.162499994,-1.580831647,0.090007558
0.772499919,0.767499983,0.877499998,0.462500006,0.932500005,0.057500001,-1.250812411,0.531826854
0.867499888,0.932500005,0.032499988,0.307500005,0.657500029,0.362500012,-0.350124329,-2.509195805
0.227499977,0.262499988,0.582499981,0.892499983,0.30250001,0.137500003,-0.346390247,-0.111037172
0.892499924,0.847500026,0.587499976,0.267500013,0.357499987,0.882499993,-0.91026473,0.114116229
0.017499991,0.092500001,0.227499992,0.887499988,0.0275,0.442499995,-0.248299181,-0.010759328
0.067499988,0.462500006,0.657500029,0.3125,0.607500017,0.422500014,-0.788797379,-0.010826346
0.547499955,0.842499971,0.297499985,0.982500017,0.267500013,0.977500021,-2.59250927,0.468943387
0.907499909,0.197500005,0.127499983,0.417499989,0.857500017,0.912500024,-0.459059894,-0.217912942
0.877499938,0.957499981,0.187499985,0.152500004,0.897499979,0.6875,-1.289470673,-1.776197314
0.707499921,0.762499988,0.602500021,0.767499983,0.522499979,0.122500002,-1.362426162,0.084077507
0.81249994,0.8125,0.8125,0.732500017,0.072499998,0.0075,-1.272195697,0.099897087
0.18749997,0.107500002,0.69749999,0.412499994,0.707499981,0.582499981,-0.238880008,0.016200343
0.9174999,0.127499998,0.682500005,0.227500007,0.282499999,0.072499998,0.00212279,0.049738158
0.872499943,0.577499986,0.137499988,0.772499979,0.637499988,0.257499993,-0.465323091,-0.498540133
0.542499959,0.177499995,0.372500002,0.622500002,0.892499983,0.0625,-0.180679113,-0.083904542
0.30249998,0.487500012,0.547500014,0.872500002,0.57249999,0.862500012,-1.253333926,-0.415395916
0.352499962,0.137500003,0.757499993,0.167500004,0.192499995,0.617500007,-0.326925457,0.062086347
0.382499963,0.087499999,0.592500031,0.32249999,0.807500005,0.747500002,-0.29520756,-0.050844222
0.937499881,0.862500012,0.387499988,0.072499998,0.242500007,0.587499976,-2.559200764,-0.151505277
0.142499983,0.57249999,0.077499986,0.912500024,0.137500003,0.742500007,-0.909451246,-0.107625961
0.567499936,0.442499995,0.617500007,0.247500002,0.487500012,0.922500014,-0.190192923,-0.61479038
0.67749995,0.077500001,0.467500001,0.917500019,0.55250001,0.632499993,-0.153080896,-0.314445645
0.357499957,0.912500024,0.457500011,0.987500012,0.567499995,0.5625,-2.119836092,-0.210858211
0.722499907,0.3125,0.247499987,0.347499996,0.672500014,0.397500008,0.036603697,0.062121816
0.342499971,0.212500006,0.817499995,0.652499974,0.602500021,0.772499979,-0.336291522,0.205318406
0.857499897,0.607500017,0.662500024,0.422500014,0.247500002,0.542500019,0.815865397,-0.799752355
0.942499936,0.647499979,0.797500014,0.332500011,0.022500001,0.127499998,-1.413372397,0.367136151
0.317499965,0.852500021,0.177499995,0.477499992,0.377499998,0.417499989,-1.233165503,-0.996577501
0.322499961,0.057500001,0.627499998,0.737500012,0.9375,0.222499996,-0.136530459,0.04558228
0.102499984,0.30250001,0.257499993,0.30250001,0.682500005,0.982500017,-0.543591499,0.056353837
0.902499914,0.732500017,0.80250001,0.587499976,0.172499999,0.952499986,1.52943182,2.890025854
0.097499982,0.55250001,0.847500026,0.357499987,0.502499998,0.57249999,-1.088798046,0.086319238
0.667499959,0.972500026,0.537500024,0.122500002,0.642499983,0.967499971,-4.008216381,0.651376128
0.277499974,0.397500008,0.932500005,0.577499986,0.80250001,0.892499983,-0.957410872,0.34821713
0.632499933,0.902499974,0.872500002,0.212500006,0.592499971,0.842499971,-1.639248848,2.4831357
0.377499968,0.44749999,0.017499987,0.902499974,0.997500002,0.212500006,-0.534320712,-0.23196198
0.062499989,0.492500007,0.44749999,0.0425,0.052499998,0.887499988,-1.033088923,0.376038074
0.752499938,0.792500019,0.55250001,0.1175,0.177499995,0.517499983,-2.457736731,-0.562271178
0.027499991,0.752499998,0.352499992,0.752499998,0.787500024,0.242500007,-1.313782573,0.044429537
0.612499952,0.382499993,0.07249999,0.057500001,0.1175,0.732500017,-0.762313247,-0.344052762
0.992499888,0.712499976,0.752499998,0.747500002,0.497500002,0.477499992,-0.785774887,1.803184628
0.847499907,0.877499998,0.242499992,0.692499995,0.382499993,0.502499998,0.305333138,-1.461510181
0.112499982,0.222499996,0.327499986,0.957499981,0.457500011,0.32249999,-0.327439517,-0.027585989
0.852499902,0.532500029,0.062499989,0.702499986,0.297500014,0.652499974,1.181574583,-1.148254275
0.212499976,0.637499988,0.852500021,0.457500011,0.842499971,0.047499999,-0.754049718,-0.034399316
0.19249998,0.967499971,0.147499993,0.147499993,0.742500007,0.917500019,-2.021238565,-0.690701604
0.987499893,0.782500029,0.212499991,0.4375,0.157499999,0.957499981,-1.010033846,-2.078652859
0.517499924,0.202500001,0.397500008,0.777499974,0.347499996,0.647499979,-0.290331483,0.245608807
0.457499951,0.517499983,0.417499989,0.612500012,0.037500001,0.69749999,-0.539846659,0.616202474
0.977499902,0.072499998,0.722500026,0.992500007,0.557500005,0.642499983,0.003822966,0.056249697
0.727499902,0.497500002,0.807500005,0.67750001,0.692499995,0.827499986,-1.32132709,-0.351245791
0.742499948,0.887499988,0.4375,0.327499986,0.0025,0.662500024,-2.697023869,0.189117491
0.527499974,0.797500014,0.232499987,0.532500029,0.467500001,0.872500002,-0.313103616,-1.232609272
0.452499956,0.307500005,0.532500029,0.102499999,0.132499993,0.032499999,-0.380682081,0.248383343
0.647499919,0.297500014,0.647499979,0.397500008,0.752499998,0.252499998,-0.12239971,-0.131501541
0.282499969,0.392500013,0.542500019,0.962499976,0.907500029,0.1875,-0.617259264,-0.064888567
0.617499948,0.097499996,0.157499984,0.512499988,0.482499987,0.217500001,-0.09985432,-0.012711513
0.487499952,0.422500014,0.92750001,0.0275,0.652499974,0.512499988,-0.755422533,1.010608912
0.80249995,0.80250001,0.977500021,0.657500029,0.612500012,0.277500004,-0.978134632,1.66180861
0.692499936,0.167500004,0.982500017,0.222499996,0.422500014,0.557500005,-0.437675029,0.80497849
0.162499979,0.147499993,0.557500005,0.9375,0.277500004,0.992500007,-0.366759032,0.204334274
0.217499971,0.172499999,0.882499993,0.672500014,0.8125,0.462500006,-0.280320317,-0.305378824
0.007499992,0.0275,0.002499987,0.337500006,0.362500012,0.597500026,-0.193881214,-0.033469491
0.012499992,0.702499986,0.607500017,0.977500021,0.412499994,0.877499998,-1.50576961,-0.135159194
0.827499926,0.327499986,0.102499992,0.272500008,0.252499998,0.0425,-0.132224083,-0.002992528
0.557499945,0.277500004,0.132499993,0.792500019,0.747500002,0.202500001,-0.156343028,-0.261932999
0.712499917,0.407499999,0.747500002,0.807500005,0.737500012,0.327499986,-0.178929806,-0.168178439
0.397499949,0.347499996,0.357499987,0.757499993,0.647499979,0.352499992,-0.498556316,-0.137464181
0.207499981,0.597500026,0.012499987,0.217500001,0.32249999,0.972500026,-1.177035332,-0.993566155
0.912499905,0.42750001,0.452499986,0.0175,0.962499976,0.377499998,-0.048812076,0.421088547
0.17749998,0.582499981,0.902500033,0.847500026,0.402500004,0.607500017,-1.190620899,0.474812031
0.807499945,0.352499992,0.497500002,0.0025,0.392500013,0.837499976,-0.969204843,0.348094165
0.652499914,0.0625,0.202499986,0.607500017,0.942499995,0.962499976,-0.353736043,-0.064496733
0.03749999,0.0075,0.567499995,0.557500005,0.94749999,0.267500013,-0.115553468,-0.012545964
0.402499944,0.772499979,0.67750001,0.662500024,0.047499999,0.757499993,-1.813132644,0.753299892
0.082499988,0.067500003,0.042499989,0.602500021,0.792500019,0.727500021,-0.237662315,0.110841893
0.627499938,0.372500002,0.82249999,0.42750001,0.152500004,0.9375,-1.145103574,0.409870416
0.747499943,0.387499988,0.092499986,0.277500004,0.512499988,0.987500012,0.298487574,-0.778817296
0.492499948,0.612500012,0.862500012,0.482499987,0.217500001,0.497500002,-0.335698128,0.569293857
0.512499928,0.207499996,0.05749999,0.287499994,0.702499986,0.602500021,-0.391813815,-0.090158962
0.167499974,0.402500004,0.317499995,0.627499998,0.582499981,0.387499988,-0.696957767,-0.07380642
0.957499921,0.817499995,0.192499995,0.402500004,0.317499995,0.037500001,-0.775174975,-0.032660373
0.447499961,0.9375,0.5625,0.507499993,0.837499976,0.902499974,-1.444728017,0.457849056
0.31249997,0.662500024,0.067499988,0.55250001,0.257499993,0.022500001,-0.752721965,-0.126050144
0.272499979,0.292499989,0.622500002,0.077500001,0.0175,0.752499998,-0.563075066,0.241045147
0.952499926,0.452499986,0.267499983,0.632499993,0.902499974,0.577499986,-0.580318868,0.606805742
0.232499972,0.547500014,0.377499998,0.82249999,0.082500003,0.907500029,-0.835282028,0.373734057
0.507499933,0.602500021,0.117499992,0.952499986,0.532500029,0.737500012,-0.681663275,-0.170524955
0.222499967,0.747500002,0.912500024,0.972500026,0.387499988,0.762499988,-1.429550767,0.868342757
0.887499928,0.217500001,0.172499985,0.722500026,0.307500005,0.522499979,0.268865794,0.18362318
0.597499967,0.557500005,0.492500007,0.897499979,0.292499989,0.42750001,-0.876374364,-0.164156213
0.467499942,0.052499998,0.207499996,0.242500007,0.352499992,0.182500005,-0.094468243,-0.048256267
0.577499926,0.837499976,0.472499996,0.867500007,0.452499986,0.107500002,-1.560516715,-0.109198362
0.662499905,0.777499974,0.712499976,0.882499993,0.92750001,0.627499998,-1.624436975,0.758467197
0.332499951,0.692499995,0.782500029,0.932500005,0.0125,0.082500003,-1.409233689,0.176436007
0.042499989,0.542500019,0.3125,0.642499983,0.0625,0.457500011,-0.904968023,0.138109267
0.622499943,0.182500005,0.502499998,0.527499974,0.227500007,0.332500011,-0.195337474,-0.030453242
0.522499919,0.377499998,0.777500033,0.617500007,0.057500001,0.537500024,-0.36022076,0.277416646
0.262499958,0.1175,0.482499987,0.282499999,0.527499974,0.207499996,-0.178231046,0.009461894
0.182499975,0.342500001,0.332499981,0.097499996,0.542500019,0.55250001,-0.610422671,0.245472148
0.702499926,0.987500012,0.907500029,0.377499998,0.142499998,0.272500008,-1.699875116,1.448726177
0.292499959,0.0425,0.30250001,0.667500019,0.462500006,0.777499974,-0.229790226,-0.011154653
0.637499928,0.142499998,0.237499997,0.537500024,0.877499998,0.467500001,-0.180455312,-0.399692506
0.572499931,0.102499999,0.107499987,0.127499998,0.867500007,0.787500024,-0.305786967,0.119066112
0.387499958,0.412499994,0.792500019,0.997500002,0.342500001,0.177499995,-0.458419204,-0.247604311
0.242499977,0.537500024,0.167499989,0.707499981,0.107500002,0.132499993,-0.694411159,-0.035787623
0.782499909,0.642499983,0.347499996,0.497500002,0.627499998,0.142499998,-0.67405647,0.335516661
0.172499985,0.942499995,0.342500001,0.372500002,0.992500007,0.382499993,-1.87793231,-0.233259261
0.337499976,0.477499992,0.897500038,0.387499988,0.337500006,0.997500002,-0.625109255,0.211903065
0.297499955,0.357499987,0.672500014,0.022500001,0.237499997,0.4375,-0.693810105,0.484124988
0.537499964,0.4375,0.152499989,0.582499981,0.827499986,0.472499996,-0.292639762,-0.097597077
0.072499983,0.652499974,0.007499987,0.852500021,0.6875,0.092500001,-0.940019608,-0.084725395
0.087499984,0.502499998,0.287499994,0.942499995,0.872500002,0.3125,-0.883425891,0.13651064
0.787499905,0.527499974,0.262499988,0.032499999,0.67750001,0.482499987,-0.960006595,1.134405732
0.107499979,0.617500007,0.6875,0.0075,0.262499988,0.672500014,-1.552982569,0.472785711
0.047499988,0.512499988,0.857500017,0.762499988,0.617500007,0.527499974,-0.869138956,-0.153575301
0.327499956,0.892499983,0.762499988,0.082500003,0.977500021,0.0125,-1.54783988,0.197890148
0.202499971,0.682500005,0.972500026,0.157499999,0.757499993,0.077500001,-0.931041539,0.10668847
0.157499984,0.742500007,0.642499983,0.132499993,0.847500026,0.797500014,-2.210342407,0.334255069
0.407499969,0.272500008,0.867500007,0.137500003,0.327499986,0.857500017,-0.32594049,-0.177355587
0.497499943,0.132499993,0.597500026,0.467500001,0.077500001,0.932500005,-0.397679031,-0.140420288
0.682499945,0.507499993,0.962500036,0.362500012,0.537500024,0.942499995,0.433436096,0.729074061
0.477499962,0.952499986,0.487500012,0.1875,0.112499997,0.357499987,-2.127144337,-0.026204091
0.922499895,0.0025,0.632499993,0.352499992,0.717499971,0.407499999,0.010788593,-0.07537505
0.472499937,0.757499993,0.307500005,0.182500005,0.832499981,0.507499993,-1.65843749,0.783001721
0.12249998,0.827499986,0.462500006,0.107500002,0.032499999,0.817499995,-2.318866014,0.206850156
0.237499967,0.482499987,0.292499989,0.492500007,0.982500017,0.852500021,-0.844691932,-0.030990269
0.592499912,0.337500006,0.522499979,0.57249999,0.5625,0.232500002,-0.3282727,0.408148408
0.737499952,0.667500019,0.432500005,0.487500012,0.367500007,0.342500001,-0.52136898,-1.336127877
0.417499959,0.252499998,0.637499988,0.262499988,0.477499992,0.297500014,-0.312489748,0.08312843
0.132499978,0.157499999,0.162499994,0.837499976,0.912500024,0.80250001,-0.331470311,-0.025803911
0.197499976,0.417499989,0.707499981,0.787500024,0.862500012,0.712499976,-0.823647439,-0.38515678
0.982499897,0.162499994,0.892499983,0.087499999,0.667500019,0.372500002,0.310770988,-0.006045672
0.55249995,0.247500002,0.027499987,0.142499998,0.407499999,0.167500004,-0.130145669,-0.027236719
0.057499986,0.857500017,0.11249999,0.717499971,0.662500024,0.707499981,-1.679089546,-0.211019129
0.287499964,0.257499993,0.942499995,0.192499995,0.797500014,0.637499988,-0.527180731,0.456489772
0.7924999,0.6875,0.997500002,0.092500001,0.417499989,0.767499983,-2.090234518,3.042387009
0.939999998,0.970000029,0.980000019,0.689999998,0.400000006,0.610000014,-0.482659876,6.209490776
0.850000024,0.879999995,0.889999986,0.860000014,0.879999995,0.829999983,-1.888849497,2.432973862
0.939999998,0.860000014,0.970000029,0.970000029,0.389999986,0.75999999,-2.245286465,8.09824276
0.949999988,1.019999981,0.980000019,0.689999998,0.400000006,0.610000014,-1.52446115,7.465640068
0.939999998,0.920000017,0.910000026,0.439999998,0.709999979,0.589999974,2.065588951,4.712059021
0.949999988,0.829999983,0.99000001,0.660000026,0.050000001,0.75999999,-4.080604076,6.716047287
0.879999995,0.959999979,0.99000001,0.449999988,0.730000019,0.50999999,0.246529251,4.800994396
0.939999998,0.970000029,0.970000029,0.340000004,0.620000005,0.5,-4.123381615,7.2399683
0.939999998,0.970000029,0.970000029,0.779999971,0.400000006,0.779999971,-2.362727165,8.414162636
0.939999998,1.019999981,0.970000029,0.159999996,1,0.400000006,-0.31194222,3.621094942
0.939999998,1.019999981,0.970000029,0.159999996,1,0.389999986,1.411209464,2.844138384
0.939999998,0.860000014,0.920000017,0.829999983,0.239999995,0.589999974,-2.41510725,5.592048645
0.879999995,1,0.839999974,0.439999998,0.910000026,0.699999988,-0.87257576,3.191283703
0.939999998,0.970000029,0.970000029,0.159999996,0.610000014,0.419999987,-0.753115594,2.275920391
0.879999995,0.949999988,0.970000029,0.159999996,0.620000005,0.529999971,-1.307529926,4.745508671
0.899999976,0.730000019,0.910000026,0.589999974,0.170000002,0.949999988,-1.75197196,2.524548054
0.939999998,0.970000029,0.970000029,0.970000029,0.389999986,0.75999999,-1.831083894,8.215575218
0.949999988,0.430000007,0.720000029,0.379999995,0.170000002,0.720000029,-1.166076899,-0.164571077
0.129999995,0.07,0.039999999,0.600000024,0.790000021,0.730000019,-0.244896099,0.087338544
0.219999999,0.170000002,0.879999995,0.319999993,0.01,0.850000024,-0.344954073,0.095266856
0.939999998,1.019999981,0.920000017,0.910000026,0.699999988,0.689999998,-0.831806004,2.850978613
0.879999995,0.189999998,0.370000005,0.029999999,0.589999974,0.49000001,-0.362930447,0.585822284
0.189999998,0.109999999,0.810000002,0.409999996,0.709999979,0.579999983,-0.233292252,0.054656833
0.189999998,0.109999999,0.699999988,0.409999996,0.980000019,0.01,-0.138679847,-0.043916758
0.939999998,0.540000021,0.170000002,0.709999979,0.109999999,0.129999995,-0.183327511,-0.223579705
0.119999997,0.109999999,0.479999989,0.159999996,0.389999986,0.949999988,-0.330978245,-0.082954884
0.200000003,0.370000005,0.970000029,0.159999996,0.75999999,0.079999998,-0.496075243,0.131649852
0.129999995,0.159999996,0.540000021,0.119999997,0.639999986,0.800000012,-0.334923506,0.08360602
0.879999995,0.850000024,0.180000007,0.479999989,0.589999974,0.49000001,-0.134801999,-1.913356423
0.119999997,0.109999999,0.409999996,0.689999998,0.379999995,0.949999988,-0.321246088,0.006576794
0.939999998,0.529999971,0.660000026,0.07,0.629999995,0.479999989,-1.268747568,1.442077041
0.129999995,0.159999996,0.550000012,0.119999997,0.910000026,0.800000012,-0.332134277,0.028643252
0.930000007,0.189999998,0.02,0.039999999,0.970000029,0.370000005,0.236388475,0.02119622
0.370000005,0.029999999,0,0.439999998,0.709999979,0.699999988,-0.172100142,-0.159970284
0.379999995,0.090000004,0.189999998,0.150000006,0.899999976,0.75,-0.290570825,0.22253713
0.02,0.189999998,0.02,0.150000006,0.74000001,0.370000005,-0.253053784,-0.005853175
0.039999999,0.01,0.620000005,0.289999992,0.949999988,0.270000011,-0.132151827,-0.115729377
0.159999996,0.150000006,0.980000019,0.07,0.239999995,0.589999974,-0.325217783,0.081610508
0.029999999,0.270000011,0.970000029,0.230000004,0.07,0.109999999,-0.361047745,0.064562708
0.029999999,0.270000011,0.839999974,0.230000004,0.07,0.109999999,-0.35783571,0.065958284
0.810000002,0.379999995,0.07,0.059999999,0.119999997,0.730000019,-0.550283551,-0.636445522
0.159999996,0.150000006,0.980000019,0.689999998,0.280000001,0.99000001,-0.348131299,0.341220647
0.899999976,0.920000017,0.079999998,0.910000026,0.140000001,0.74000001,-1.143252611,-2.973832607
0.150000006,0.360000014,0.970000029,0.159999996,0.610000014,0.419999987,-0.546207666,0.217106476
0.200000003,0.370000005,0.970000029,0.159999996,0.620000005,0.529999971,-0.682334065,0.384907216
0.02,0.189999998,0.839999974,0.439999998,0.709999979,0.699999988,-0.349515826,0.019171376
0.810000002,0.860000014,0.109999999,0.730000019,0.639999986,0.920000017,-1.17995894,-2.324473381
0.02,0.189999998,0.839999974,0.829999983,0.189999998,0.819999993,-0.307728201,-0.015201402
0.939999998,0.600000024,0.119999997,0.949999988,0.529999971,0.74000001,0.362367392,-0.567415476
0.469999999,0.050000001,0.970000029,0.159999996,0.349999994,0.180000007,-0.101983473,-0.006061849
0.810000002,0.569999993,0.119999997,0.699999988,0.100000001,0.430000007,-0.02056342,-0.450543821
0.800000012,0.910000026,0.01,0.589999974,0.449999988,0.810000002,1.005128622,-5.786512852
0.99000001,0.639999986,0.209999993,0.439999998,0.159999996,0.959999979,1.657202005,-2.00886488
0.959999979,0.819999993,0.01,0.400000006,0.319999993,0.039999999,-0.330690563,-1.051500559
0.02,0.189999998,0.839999974,0.209999993,0.189999998,0.819999993,-0.339118093,-0.148747817
0.930000007,0.930000007,0.029999999,0.310000002,0.639999986,0.360000014,-0.777687132,-2.842499971
0.930000007,0.930000007,0.029999999,0.310000002,0.660000026,0.360000014,-0.587277114,-2.659211636
0.99000001,0.779999971,0.209999993,0.910000026,0.159999996,0.959999979,0.887718558,-0.280730158
0.949999988,0.860000014,0.109999999,0.720000029,0.660000026,0.349999994,-0.762109935,-1.745692372
0.939999998,1.039999962,0.540000021,0.01,0.02,0.970000029,-2.250153303,-0.64496243
0.550000012,0.970000029,0.370000005,0.02,0.029999999,0.970000029,-2.468886614,-0.500728548
0.519999981,1.029999971,0.449999988,0.02,0.109999999,0.970000029,-3.801920414,0.156731635
0.670000017,0.970000029,0.460000008,0.029999999,0.029999999,1.019999981,-2.762671709,-0.201361135
0.670000017,0.970000029,0.389999986,0.029999999,0.029999999,0.970000029,-2.887670517,-0.433918595
0.879999995,0.189999998,0.02,0.439999998,0.910000026,0.699999988,-0.262061775,-0.588930488
0.610000014,0.119999997,0.74000001,0.649999976,0.090000004,0.75999999,-0.215221018,-0.28278172
0.939999998,0.550000012,0.170000002,0.709999979,0.109999999,0.360000014,0.200688601,-0.272767723
0.939999998,1.039999962,0.920000017,0.910000026,0.699999988,0.689999998,-0.547589719,2.974432707
0.99000001,0.50999999,0.860000014,0.75999999,0.620000005,0.959999979,-1.506157875,0.402893066
0.930000007,0.340000004,0.330000013,0.100000001,0.289999992,0.670000017,-0.972371161,-0.22689265
0.850000024,0.930000007,0.029999999,0.689999998,0.379999995,0.5,0.908525348,-4.441912174
0.850000024,0.850000024,0.079999998,0.689999998,0.379999995,0.5,0.651228905,-2.984845877
0.99000001,0.779999971,0.209999993,0.800000012,0.159999996,0.959999979,0.147487268,0.421233207
0.029999999,0.270000011,0.970000029,0.230000004,0.02,0.74000001,-0.471047252,0.116924256
0.74000001,0.889999986,0.01,0.850000024,0,0.660000026,0.842824221,-4.268134594
0.200000003,0.370000005,0.970000029,0.330000013,0.75999999,0.079999998,-0.473052531,0.137899593
0.200000003,0.370000005,0.970000029,0.159999996,0.930000007,0.059999999,-0.490537703,0.103069887
0.930000007,0.930000007,0.029999999,0.790000021,0.860000014,0.360000014,-0.412655503,-2.523890018
0.029999999,0.270000011,0.970000029,0.01,0.850000024,0.74000001,-0.449107736,-0.055633664
0.029999999,0.270000011,0.970000029,0.230000004,0.850000024,0.74000001,-0.43083936,0.070116907
1,0.970000029,0.970000029,0.970000029,0.389999986,0.75999999,-2.372011662,9.431406975
0.959999979,0.970000029,0.970000029,0.970000029,0.409999996,0.810000002,-1.983192086,5.807662487
0.959999979,0.970000029,0.970000029,0.939999998,0.389999986,0.75999999,-1.985871673,8.609663963
0.939999998,0.970000029,0.970000029,0.970000029,0.419999987,0.819999993,-1.26141417,4.345696926
0.939999998,0.970000029,0.970000029,0.970000029,0.430000007,0.870000005,-2.02971673,3.177362442
1.029999971,1.029999971,0.959999979,0.970000029,0.389999986,0.75999999,-7.340163708,11.68553734
0.949999988,0.949999988,0.970000029,0.949999988,0.389999986,0.870000005,-2.507455349,4.08052969
0.939999998,1.029999971,0.970000029,0.879999995,0.400000006,0.75999999,-2.395848989,5.714298725
0.959999979,1.029999971,0.970000029,0.879999995,0.389999986,0.75999999,-3.002566814,6.909945011
1.019999981,0.970000029,0.970000029,0.970000029,0.389999986,0.810000002,-1.914530635,6.479441643
0.949999988,1.029999971,0.970000029,0.879999995,0.389999986,0.75999999,-1.7785182,6.23591423
0.949999988,0.970000029,0.970000029,0.879999995,0.370000005,0.870000005,-3.009847641,3.653449774
0.959999979,1.039999962,0.970000029,0.879999995,0.389999986,0.75999999,-1.862385273,7.447945595
1,0.970000029,0.970000029,0.949999988,0.389999986,0.870000005,-5.195538044,4.061668873
0.939999998,1.029999971,0.970000029,0.879999995,0.389999986,0.75999999,-2.789585829,6.319854259
1.029999971,1.029999971,0.970000029,0.949999988,0.389999986,0.75999999,-3.752367735,10.47558308
0.879999995,0.959999979,0.910000026,0.970000029,0.079999998,0.689999998,-1.716704845,3.496092081
0.670000017,0.920000017,0.920000017,0.930000007,0.129999995,0.970000029,-2.364276648,4.699164391
0.939999998,0.970000029,0.709999979,0.790000021,0.860000014,0.99000001,-2.658153772,1.097262025
1,0.879999995,0.119999997,0.949999988,0.529999971,0.899999976,-2.518644094,-4.796759605
0.899999976,0.860000014,0.109999999,0.720000029,0.660000026,0.949999988,-1.436382174,-2.943086863
1.019999981,0.300000012,0.25999999,0.300000012,0.589999974,0.810000002,-0.597563863,-0.263871998
0.930000007,0.920000017,0.920000017,0.910000026,0.039999999,0.819999993,-2.362994909,2.88939476
0.800000012,0.620000005,0.920000017,0.660000026,0.610000014,0.280000001,-0.369624048,0.897286534
0.479999989,0.090000004,0.589999974,0.319999993,0.810000002,0.360000014,-0.128258392,0.071803235
0.25999999,0.230000004,0.050000001,0.07,0.699999988,0.100000001,-0.249832243,0.017257094
1,0.550000012,0.379999995,0.819999993,0.079999998,0.910000026,0.436147273,1.115678787
0.340000004,0.209999993,0.949999988,0.649999976,0.600000024,0.769999981,-0.307868302,0.327087671
0.879999995,0.090000004,0.589999974,0.189999998,0.140000001,0.49000001,-0.128202438,-0.021469655
0.639999986,0.649999976,0.01,0.850000024,0.689999998,0.790000021,-0.433853358,-2.018413544
0.879999995,0.469999999,0.439999998,0.159999996,0.620000005,0.529999971,-1.293630838,0.693955839
0.639999986,0.649999976,0.01,0.850000024,0.01,0.079999998,-1.60146451,-1.036916971
1,1.00999999,0.980000019,0.970000029,0,0.75999999,-1.972724557,9.274442673
0.879999995,0.959999979,0.029999999,0.970000029,0.079999998,0.779999971,-3.634844542,-7.237973213
0.930000007,0.930000007,0.029999999,0.790000021,0.289999992,0.360000014,-1.705730319,-2.99951005
0.930000007,0.970000029,0.079999998,0.930000007,0.039999999,0.819999993,-2.906921148,-8.539176941
0.959999979,0.970000029,0.119999997,0.790000021,0.050000001,0.75999999,-2.251617193,-6.719493866
0.930000007,0.99000001,0.079999998,0.930000007,0.039999999,0.819999993,-2.870701075,-8.885075569
0.939999998,0.970000029,0.150000006,0.790000021,0.050000001,0.75999999,-3.164460897,-5.422655106
0.340000004,0.209999993,0.970000029,0.970000029,0.389999986,0.75999999,-0.48615244,0.264596909
0.949999988,0.860000014,0.109999999,0.720000029,0.660000026,0.709999979,-1.127717733,-3.075148821
0.649999976,0.059999999,0.519999981,0.74000001,0.289999992,0.959999979,-0.233517379,0.195568576
0.540000021,0.180000007,0.370000005,0.959999979,0.910000026,0.189999998,-0.235451221,-0.136735797
0.389999986,0.409999996,0.959999979,0.970000029,0.389999986,0.180000007,-0.408935398,-0.075373568
0.879999995,0.289999992,0.379999995,0.25999999,0.270000011,0.680000007,0.296175361,0.136617452
0.879999995,0.5,0.439999998,0.159999996,0.620000005,0.529999971,-1.515408874,0.735571444
0.939999998,0.970000029,0.970000029,0.370000005,0.99000001,0.379999995,0.116597794,2.740959406
0.419999987,0.419999987,0.930000007,0.949999988,0.649999976,0.50999999,-0.700328708,0.542871237
0.930000007,0.949999988,0.01,0.850000024,0.389999986,0.870000005,-2.243458033,-5.910984039
0.879999995,0.930000007,0.029999999,0.790000021,0.050000001,0.75999999,-2.659625769,-6.721559525
0.949999988,0.970000029,0.01,0.850000024,0.239999995,0.75999999,-0.132392377,-4.684790134
1.019999981,0.819999993,0.100000001,0.839999974,0.430000007,0.810000002,-0.311307967,-2.486128807
0.930000007,0.839999974,0.079999998,0.930000007,0.039999999,0.819999993,-3.453404903,-6.584177971
0.949999988,0.860000014,0.109999999,0.720000029,0.389999986,0.870000005,2.303500175,-4.687506676
0.870000005,0.579999983,0.140000001,0.769999981,0.050000001,0.25999999,0.327696651,-0.424665093
0.660000026,0.649999976,0.01,0.850000024,0.050000001,0.629999995,-0.508381248,-3.112517595
0.959999979,0.819999993,0.01,0.400000006,0.389999986,0.039999999,-0.657949328,-0.800642729
0.289999992,0.140000001,0.939999998,0.189999998,0.800000012,0.639999986,-0.342125833,0.265507907
0.959999979,0.74000001,0.07,0.239999995,0.129999995,0.75999999,-1.488257051,-3.312077522
0.930000007,0.810000002,0.140000001,0.769999981,0.289999992,0.670000017,1.474479556,-2.702920914
0.129999995,0.159999996,0.970000029,0.340000004,0.620000005,0.800000012,-0.381622761,0.214405313
1,0.860000014,0.109999999,0.379999995,0.170000002,0.720000029,-0.497469842,-3.573948383
0.949999988,0.949999988,0.029999999,0.879999995,0.389999986,0.75999999,-0.541374743,-4.744285107
1.019999981,0.5,0.189999998,0.150000006,0.389999986,0.610000014,-0.678263009,0.133672118
0.959999979,0.689999998,1,0.079999998,0.980000019,0.07,-1.19765842,1.112546086
0.879999995,0.810000002,0.01,0.850000024,0.01,0.589999974,1.399244905,-4.046369553
0.930000007,0.730000019,0.079999998,0.930000007,0.039999999,0.819999993,-2.466813803,-6.102930546
0.939999998,0.860000014,0.109999999,0.720000029,0.479999989,0.99000001,1.941134095,-5.160696507
0.959999979,0.769999981,0.079999998,0.879999995,0.389999986,0.75999999,-0.16985552,-1.812682271
0.959999979,0.600000024,0.119999997,0.970000029,0.409999996,0.810000002,0.637411237,-0.057935826
0.930000007,0.970000029,0.079999998,0.689999998,0.050000001,0.819999993,-3.202846289,-4.502704144
0.810000002,0.649999976,0.01,0.850000024,0.689999998,1,-0.535529077,-2.648082018
0.670000017,0.540000021,0.02,0.709999979,0.109999999,0.129999995,-0.432101041,-0.330551982
0.959999979,0.810000002,0.01,0.409999996,0.5,0.349999994,0.978848755,-3.090778589
1,0.879999995,0.029999999,0.949999988,0.529999971,0.899999976,-0.636021018,-5.125517845
0.959999979,0.300000012,0.479999989,0.409999996,0.579999983,0.349999994,0.3092691,0.492803484
0.939999998,0.810000002,0.140000001,0.74000001,0.289999992,0.670000017,1.388562202,-3.042089701
1,1.029999971,0.109999999,0.720000029,0.150000006,0.899999976,-0.693965256,-3.548495054
0.930000007,0.930000007,0.109999999,0.720000029,0.050000001,0.75999999,-1.831709504,-5.086749077
0.850000024,0.930000007,0.029999999,0.589999974,0.379999995,0.5,0.951606631,-4.522763729
0.930000007,0.930000007,0.029999999,0.790000021,0.289999992,0.959999979,1.32152462,-6.959039211
0.930000007,0.970000029,0.01,0.670000017,0.379999995,0.839999974,0.911977112,-7.431451797
1,0.970000029,0.079999998,0.74000001,0.02,0.970000029,-2.276174307,-8.045314789
0.850000024,0.850000024,0.029999999,0.74000001,0.01,0.75999999,1.711440682,-5.056231499
0.939999998,0.800000012,0.01,0.879999995,0.239999995,0.589999974,0.03799022,-3.050643206
0.939999998,0.800000012,0.029999999,0.790000021,0.239999995,0.589999974,0.382366031,-3.434968472
0.939999998,0.850000024,0.079999998,0.589999974,0.289999992,0.430000007,0.592752397,-3.154667139
0.850000024,0.879999995,0.029999999,0.689999998,0.469999999,0.829999983,1.343055487,-5.348891258
0.939999998,0.649999976,0.079999998,0.970000029,0.409999996,0.720000029,0.713142514,-0.531790018
0.949999988,0.970000029,0.01,0.800000012,0.370000005,0.819999993,1.530034661,-7.551933765
0.879999995,0.620000005,0.109999999,0.970000029,0.079999998,0.779999971,-0.033615515,-3.247003317
0.709999979,0.689999998,0.029999999,0.790000021,0.02,0.709999979,-1.657892346,-3.95294261
0.959999979,0.870000005,0.109999999,0.730000019,0.409999996,0.829999983,1.325420737,-4.692817211
0.889999986,0.670000017,0.01,0.850000024,0.300000012,0.140000001,-0.7546314,-1.100373745
0.810000002,0.870000005,0.109999999,0.600000024,0.180000007,0.870000005,1.428165555,-4.032055378
0.119999997,0.109999999,0.949999988,0.180000007,0.829999983,0.899999976,-0.296530992,-0.056701884
0.029999999,0.270000011,0.970000029,0.959999979,0.910000026,0.109999999,-0.316487849,-0.01325341
0.949999988,0.709999979,0.01,0.219999999,0.059999999,0.75999999,-0.840158939,-3.628896236
0.839999974,0.649999976,0.01,0.219999999,0.319999993,0.5,-0.289086103,-1.601594567
0.050000001,0.180000007,0.730000019,0.860000014,0.860000014,0.150000006,-0.242068559,0.030753255
0.930000007,0.340000004,0.330000013,0.370000005,0.49000001,0.670000017,0.562265515,0.182870105
0.939999998,0.360000014,0.330000013,0.340000004,0.620000005,0.689999998,-0.844507873,-0.009901474
0.930000007,0.99000001,0.079999998,0.709999979,0.039999999,0.819999993,-2.571559668,-6.586972713
0.029999999,0.270000011,0.910000026,0.949999988,0.829999983,0.140000001,-0.330602527,0.013551437
0.939999998,0.289999992,0.319999993,0.340000004,0.620000005,0.689999998,-0.719080746,-0.065562345
0.959999979,0.620000005,0.180000007,0.479999989,0.389999986,0.039999999,-0.518951118,-0.703389406
0.879999995,0.629999995,0.170000002,0.479999989,0.379999995,0.029999999,-0.335410029,0.029308606
0.930000007,0.930000007,0.029999999,0.790000021,0.289999992,0.670000017,2.074440241,-5.980501175
0.959999979,0.649999976,0.109999999,0.660000026,0.319999993,0.039999999,-0.656162202,-0.405048579
0.610000014,0.379999995,0.189999998,0.400000006,0.119999997,0.730000019,-0.918865621,-0.4913899
0.400000006,0.540000021,0.079999998,0.379999995,0.140000001,0.349999994,-0.618404508,-0.339189321
0.959999979,0.300000012,0.479999989,0.409999996,0.579999983,0.75999999,0.431743622,0.718980491
0.25,0.200000003,0.850000024,0.899999976,1,0.209999993,-0.264518857,-0.015662501
1,0.970000029,0.01,0.850000024,0.01,0.75,1.132115602,-6.435101986
0.930000007,0.930000007,0.01,0.850000024,0.01,0.689999998,1.872183681,-5.90141201
0.129999995,0.159999996,0.889999986,0.860000014,0.879999995,0.569999993,-0.273306012,-0.167135686
0.949999988,0.930000007,0.01,0.850000024,0.239999995,0.75999999,-0.379631281,-3.884949923
0.029999999,0.270000011,0.910000026,0.949999988,0.589999974,0.140000001,-0.325142801,-0.042493347
0.959999979,0.639999986,0.07,0.239999995,0.129999995,0.75999999,-1.121706605,-2.447815657
0.270000011,0.289999992,0.959999979,0.910000026,0.699999988,0.230000004,-0.32616657,-0.005710033
0.949999988,0.819999993,0.01,0.400000006,0.319999993,0.230000004,0.479637831,-2.461000919
0.939999998,0.379999995,0.569999993,0.050000001,0.730000019,0.340000004,-0.051204413,0.661978424
0.879999995,0.930000007,0.01,0.550000012,0.079999998,0.560000002,-0.105996013,-4.323271751
0.930000007,0.970000029,0.079999998,0.689999998,0.150000006,0.819999993,-0.232583404,-2.877922297
0.930000007,0.230000004,0.330000013,0.310000002,0.289999992,0.670000017,0.28129065,0.026513457
0.949999988,0.430000007,0.140000001,0.200000003,0.319999993,0.720000029,0.848700762,-1.103778481
0.129999995,0.109999999,0.949999988,0.02,0.829999983,0.899999976,-0.299867272,0.070179716
0.939999998,0.730000019,0.029999999,1.019999981,0.639999986,0.949999988,-0.148154929,-3.604179382
0.029999999,0.270000011,0.970000029,0.910000026,0.850000024,0.079999998,-0.302716881,0.019477597
0.239999995,0.289999992,0.970000029,0.790000021,0.99000001,0.02,-0.30952698,0.072466396
1,0.930000007,0.029999999,0.949999988,0.389999986,0.870000005,-0.610240459,-4.004948616
0.310000002,0.270000011,0.949999988,0.910000026,0.850000024,0.079999998,-0.285708845,0.057342265
0.930000007,0.930000007,0.02,0.930000007,0.039999999,0.819999993,-1.953441381,-9.147779465
0.059999999,0.270000011,0.970000029,0.720000029,0.970000029,0.01,-0.27712965,0.009412541
0.119999997,0.109999999,0.99000001,0.689999998,0.730000019,0.949999988,-0.32277903,-0.154808804
0.379999995,0.270000011,0.970000029,0.930000007,0.779999971,0.310000002,-0.250906467,0.072186969
0.129999995,0.25999999,0.899999976,0.860000014,0.879999995,0.150000006,-0.318373412,0.033884194
0.930000007,0.74000001,0.07,0.589999974,0.170000002,0.050000001,-1.076685786,-0.564598918
0.540000021,0.25999999,0.460000008,0.059999999,0.289999992,0.02,-0.282998472,0.219884723
1,0.879999995,0.029999999,0.949999988,0.109999999,0.699999988,-1.719276547,-6.631114483
0.899999976,0.920000017,0.079999998,0.720000029,0.02,0.74000001,-2.839918375,-6.26717329
0.949999988,0.370000005,0.899999976,0.949999988,1,0.02,-0.117002122,-0.103152581
0.949999988,0.730000019,0.02,0.899999976,0.050000001,0.200000003,-0.117097579,-2.771465063
0.930000007,0.970000029,0.01,0.930000007,0.039999999,0.819999993,-2.287280321,-9.902029991
0.930000007,0.930000007,0.01,0.850000024,0.01,0.810000002,2.044861555,-6.623924732
0.930000007,0.930000007,0.01,0.850000024,0.01,0.790000021,1.530482769,-6.138841152
0.930000007,0.879999995,0.02,0.930000007,0.039999999,0.819999993,-2.34695363,-8.678622246
0.059999999,0.270000011,0.970000029,0.910000026,0.529999971,0.01,-0.280622035,-0.042886496
0.119999997,0.109999999,0.99000001,0.689999998,0.620000005,0.959999979,-0.328029454,-0.149030596
0.029999999,0.270000011,0.970000029,0.870000005,0.569999993,0.200000003,-0.325755954,-0.027599225
0.159999996,0.090000004,0.970000029,0.150000006,0.74000001,0.920000017,-0.320176423,0.009768136
1,0.850000024,0.029999999,0.949999988,0.389999986,0.870000005,-0.069452949,-4.74701643
0.899999976,0.340000004,0.330000013,0.100000001,0.670000017,0.159999996,-0.103107117,0.348626137
0.409999996,0.289999992,0.029999999,0.159999996,0.02,0.150000006,-0.421068192,-0.190036729
0.930000007,0.930000007,0.029999999,0.790000021,0.289999992,0.870000005,2.496727705,-6.735310078
0.930000007,0.839999974,0.079999998,0.930000007,0.039999999,0.99000001,-1.790330052,-7.119548321
0.939999998,0.860000014,0.029999999,0.790000021,0.119999997,0.589999974,-0.210786685,-3.041149616
0.129999995,0.159999996,0.689999998,0.860000014,0.879999995,0.140000001,-0.222365439,0.016697239
0.949999988,0.430000007,0.150000006,0.200000003,0.319999993,0.720000029,0.889296532,-1.030978799
0.379999995,0.270000011,0.970000029,0.829999983,0.779999971,0.310000002,-0.250112027,0.033698387
0.779999971,0.600000024,0.01,0.219999999,0.029999999,0.449999988,-0.657905102,-1.652055264
0.07,0.180000007,0.980000019,0.660000026,0.910000026,0.189999998,-0.226959273,-0.0205268
1,0.879999995,0.029999999,0.910000026,0.529999971,0.899999976,-3.785052776,-5.858630657
0.159999996,0.150000006,0.959999979,0.970000029,0.829999983,0.140000001,-0.195180193,0.023662647
0.949999988,0.430000007,0.150000006,0.200000003,0.519999981,0.170000002,-0.024445701,-0.09110897
1,0.879999995,0.029999999,0.949999988,0.419999987,0.920000017,0.371922165,-4.406330109
0.910000026,0.649999976,0.07,0.270000011,0.370000005,0.129999995,-0.498463482,-0.501088262
0.75,0.340000004,0.330000013,0.059999999,0.660000026,0.100000001,-0.216056108,0.20307453
0.159999996,0.090000004,0.970000029,0.150000006,0.74000001,0.99000001,-0.339374721,-0.021321731
0.790000021,0.310000002,0.529999971,0.100000001,0.419999987,0.180000007,-0.152515739,0.0124382
0.550000012,0.25,0.029999999,0.140000001,0.02,0.170000002,-0.39418155,-0.196920782
0.75,0.360000014,0.389999986,0.059999999,0.660000026,0.100000001,-0.267474174,0.309869736
0.059999999,0.270000011,0.970000029,0.910000026,0.860000014,0.01,-0.277477562,-0.014989355
0.159999996,0.150000006,0.970000029,0.930000007,0.660000026,0.709999979,-0.306413025,-0.220832363
0.039999999,0.109999999,0.910000026,0.949999988,0.370000005,0.550000012,-0.227971196,-0.0286058
0.899999976,0.340000004,0.330000013,0.370000005,0.49000001,0.74000001,0.494670659,0.13640216
0.119999997,0.109999999,0.99000001,0.970000029,0.850000024,0.49000001,-0.218678027,-0.16481787
0.029999999,0.189999998,0.970000029,0.910000026,0.850000024,0.079999998,-0.222396165,0.027326377
0.949999988,0.970000029,0.01,0.850000024,0.239999995,0.959999979,1.947536588,-8.023514748
1,0.879999995,0.029999999,0.949999988,0.419999987,0.939999998,-6.13273716,-7.271327972
0.289999992,0.140000001,0.970000029,0.689999998,0.980000019,0.829999983,-0.341738284,0.080981672
0.850000024,0.310000002,0.529999971,0.100000001,0.419999987,0.180000007,-0.063748203,-0.202636495
0.899999976,0.879999995,0.01,0.850000024,0.239999995,0.75999999,-0.362174302,-3.479515553
1,0.819999993,0.029999999,0.949999988,0.529999971,0.899999976,-0.41313988,-4.130554676
0.119999997,0.109999999,1,0.870000005,0.569999993,0.639999986,-0.249369666,-0.153283685
0.07,0.140000001,0.970000029,0.689999998,0.980000019,0.479999989,-0.240432978,-0.050958775
0.300000012,0.159999996,0.889999986,0.860000014,0.879999995,0.569999993,-0.284141362,-0.207702398
0.419999987,0.090000004,0.930000007,0.949999988,0.649999976,0.959999979,-0.333553851,-0.739599168
0.159999996,0.090000004,0.970000029,0.150000006,0.99000001,0.99000001,-0.359989971,-0.131329611
0.779999971,0.600000024,0.01,0.219999999,0.029999999,0.870000005,-0.834355652,-1.83462131
0.379999995,0.230000004,0.970000029,0.930000007,0.779999971,0.310000002,-0.206359282,0.040268399
0.959999979,0.920000017,0.079999998,0.720000029,0.02,0.790000021,-3.134660006,-6.161669731
1,0.50999999,0.01,0.850000024,0.01,0.75,1.705738187,-1.450444221
0.99000001,0.600000024,0.01,0.910000026,0.02,0.959999979,-2.32572031,-3.57012558
0.939999998,0.600000024,0.01,0.850000024,0.01,0.790000021,1.820951939,-2.252120018
0.959999979,0.569999993,0.01,0.850000024,0.239999995,0.75999999,1.210108519,-0.847678781
1,0.730000019,0.02,0.899999976,0.050000001,0.970000029,-2.008148909,-6.661074638
0.99000001,0.810000002,0.01,0.850000024,0.01,0.959999979,2.657969236,-5.863561153
0.949999988,0.49000001,0.029999999,0.430000007,0.209999993,0.349999994,1.036442041,-0.973353922
0.99000001,0.810000002,0.01,0.850000024,0.01,0.899999976,2.63087225,-5.681099892
0.899999976,0.610000014,0.02,0.790000021,0.050000001,0.75999999,0.240392238,-3.988020182
0.930000007,0.930000007,0.01,0.720000029,0.01,0.790000021,1.921574831,-6.196223259
1,0.879999995,0.029999999,0.709999979,0.039999999,0.819999993,-2.363241434,-6.945490837
0.930000007,0.850000024,0.01,0.850000024,0.039999999,0.819999993,-2.639845371,-7.427035809
0.930000007,0.930000007,0.01,0.75,0.109999999,0.810000002,0.211232319,-4.945421696
0.119999997,0.109999999,0.99000001,0.959999979,0.910000026,0.109999999,-0.169560373,-0.007146656
0.99000001,0.970000029,0.01,0.629999995,0.579999983,0.920000017,0.46925503,-8.067327499
0.949999988,0.930000007,0.01,0.639999986,0.170000002,0.699999988,0.38335219,-3.663959742
1.029999971,0.670000017,0.01,0.550000012,0.079999998,0.560000002,0.863764584,-2.410552502
0.949999988,0.730000019,0.02,0.660000026,0.050000001,0.75999999,1.069140792,-2.046172857
0.930000007,0.50999999,0.029999999,0.850000024,0.01,0.689999998,1.321296692,-1.106998086
0.879999995,0.319999993,0.01,0.850000024,0.01,0.589999974,0.591087282,-0.01772606
0.959999979,0.699999988,0.07,0.579999983,0.25999999,0.879999995,2.240645647,-3.625696898
0.800000012,0.370000005,0.01,0.479999989,0.029999999,0.449999988,0.310539007,-0.233556479
0.949999988,0.649999976,0.01,0.709999979,0.379999995,0.75999999,2.209679842,-3.22844553
0.800000012,0.370000005,0.01,0.639999986,0.129999995,0.529999971,0.431075811,-0.256361455
0.930000007,0.180000007,0.079999998,0.930000007,0.039999999,0.360000014,-0.447109908,-0.571216702
0.949999988,0.270000011,0.01,0.850000024,0.239999995,0.579999983,0.509470046,0.281873792
0.870000005,0.360000014,0.029999999,0.790000021,0.340000004,0.180000007,0.076825567,-0.176303118
0.930000007,0.449999988,0.079999998,0.970000029,0.039999999,0.99000001,-1.784250855,-2.837419271
0.959999979,0.419999987,0.02,0.970000029,0.270000011,0.810000002,0.908463538,0.177466184
0.879999995,0.600000024,0.029999999,0.589999974,0.379999995,0.74000001,1.483509064,-2.299109697
0.99000001,0.649999976,0.029999999,0.389999986,0.5,0.569999993,1.780833483,-3.017939091
0.99000001,0.50999999,0.01,0.970000029,0.430000007,0.790000021,1.101674676,-0.816964746
1,0.430000007,0.029999999,0.790000021,0.039999999,0.699999988,0.56291306,-2.343546391
0.949999988,0.430000007,0.01,0.850000024,0.01,0.75,1.195796371,-0.715833068
0.949999988,0.449999988,0.01,0.850000024,0.01,0.579999983,1.191693425,-0.738840699
0.930000007,0.610000014,0.029999999,0.5,0.050000001,0.819999993,1.69281292,-2.897589445
0.959999979,0.430000007,0.02,0.930000007,0.039999999,0.779999971,-1.253457069,-3.129229546
0.959999979,0.649999976,0.01,0.790000021,0.050000001,0.75999999,0.136085764,-5.248738289
0.930000007,0.74000001,0.07,0.589999974,0.140000001,0.959999979,-0.765897989,-1.938228726
0.930000007,0.74000001,0.07,0.589999974,0.150000006,0.819999993,-0.776499987,-2.211304188
0.959999979,0.300000012,0.01,0.850000024,0.01,0.75,0.723148286,-0.007611471
0.939999998,0.370000005,0.029999999,0.419999987,0.389999986,0.079999998,0.195248321,-0.146876574
0.930000007,0.189999998,0.02,0.879999995,0.090000004,0.370000005,0.305900902,0.052796349
0.939999998,0.529999971,0.01,0.400000006,0.389999986,0.479999989,1.332248211,-1.723255396
0.829999983,0.479999989,0.029999999,0.419999987,0.25,0.079999998,0.08723411,-0.165498689
0.870000005,0.439999998,0.090000004,0.620000005,0.050000001,0.449999988,0.275961131,-0.383196861
0.959999979,0.819999993,0.01,0.639999986,0.170000002,0.699999988,0.107323878,-2.686494112
0.949999988,0.25999999,0.029999999,0.860000014,0.029999999,0.709999979,-0.846936226,-1.227471828
0.99000001,0.779999971,0.01,0.680000007,0.159999996,0.959999979,0.182140768,-2.629415274
1.019999981,0.600000024,0.01,0.660000026,0.059999999,0.870000005,1.277530909,-1.753448844
1.019999981,0.360000014,0.029999999,0.460000008,0.07,0.109999999,0.386673272,-0.121798031
0.709999979,0.370000005,0.079999998,0.310000002,0.02,0.709999979,-0.619934976,-0.075765073
1,0.879999995,0.01,0.850000024,0.239999995,0.920000017,3.010515451,-7.154846191
0.879999995,0.300000012,0.029999999,0.579999983,0.02,0.150000006,0.084409848,0.051623482
0.589999974,0.340000004,0.01,0.219999999,0.319999993,0.079999998,-0.204520181,-0.092980832
0.600000024,0.330000013,0.079999998,0.379999995,0.109999999,0.660000026,-0.75529021,-0.653665781
1,0.879999995,0.029999999,0.850000024,0.01,0.920000017,2.332924366,-5.953778267
0.930000007,0.949999988,0.01,0.600000024,0.389999986,0.870000005,0.926628947,-7.436741352
0.720000029,0.270000011,0.02,0.230000004,0.039999999,0.400000006,-0.363566965,-0.180315673
0.910000026,0.319999993,0.129999995,0.270000011,0.239999995,0.129999995,0.011916145,-0.032695793
0.839999974,0.370000005,0.029999999,0.209999993,0.189999998,0.25,0.049478147,-0.235516325
0.829999983,0.330000013,0.100000001,0.270000011,0.25,0.540000021,0.357895404,-0.463550001
1,0.75,0.02,0.879999995,0.239999995,0.899999976,3.118946552,-4.792336464
0.159999996,0.090000004,0.970000029,0.790000021,0.800000012,0.209999993,-0.129408836,0.029533789
0.409999996,0.270000011,0.02,0.330000013,0.039999999,0.170000002,-0.250479937,0.086194128
0.319999993,0.090000004,1.029999971,0.74000001,0.939999998,0.219999999,-0.123606406,0.109219126
0.600000024,0.330000013,0.079999998,0.379999995,0.109999999,0.610000014,-0.739090979,-0.642527044
1,0.610000014,0.01,0.219999999,0.319999993,0.5,-0.041549873,-1.5207026
1,0.879999995,0.01,0.910000026,0.219999999,0.899999976,0.390155375,-4.016828537
1,0.930000007,0.01,0.850000024,0.150000006,0.899999976,0.437131077,-4.838958263
0.75,0.389999986,0.090000004,0.280000001,0.50999999,0.219999999,-0.106553346,-0.065250538
0.949999988,0.600000024,0.01,0.219999999,0.419999987,0.230000004,-0.054518245,-0.883442819
1,0.879999995,0.029999999,0.910000026,0.189999998,0.949999988,0.074424714,-3.390867472
0.159999996,0.150000006,0.980000019,0.75999999,0.970000029,0.039999999,-0.175688624,0.033176962
0.029999999,0.090000004,0.910000026,0.949999988,0.589999974,0.140000001,-0.148686051,0.001736595
0.779999971,0.270000011,0.02,0.230000004,0.039999999,0.400000006,-0.317264915,-0.260614663
1,0.860000014,0.029999999,0.949999988,0.230000004,0.939999998,1.018033981,-2.969423056
0.409999996,0.289999992,0.029999999,0.419999987,0.02,0.5,-0.548474431,-0.417074323
0.119999997,0.109999999,1.029999971,0.660000026,0.639999986,0.200000003,-0.155153573,-0.01877393
0.939999998,0.540000021,0.029999999,0.200000003,0.519999981,0.170000002,-0.028485481,-0.444584966
0.959999979,0.970000029,0.970000029,0.970000029,0.029999999,1.019999981,-7.256755352,6.206588745
1.029999971,1.029999971,0.959999979,0.970000029,0.170000002,0.75999999,-2.24727273,9.335386276
0.119999997,0.090000004,0.99000001,1.029999971,0.939999998,0.029999999,-0.151253074,-0.053074069
0.25999999,0.109999999,0.99000001,0.959999979,0.910000026,0.209999993,-0.162759319,0.037644222
0.170000002,0.109999999,0.970000029,0.970000029,0.850000024,0.150000006,-0.168275967,0.03112204
0.039999999,0.090000004,0.910000026,0.949999988,0.790000021,0.07,-0.148728132,0.010665559
0.239999995,0.129999995,0.970000029,0.959999979,0.939999998,0.07,-0.170603916,-0.035952818
0.029999999,0.029999999,0.970000029,0.49000001,0.980000019,0.360000014,-0.134172678,-0.007965687
0.029999999,0.150000006,0.970000029,0.910000026,0.850000024,0.079999998,-0.188567027,0.021668637
0.159999996,0.150000006,0.959999979,0.850000024,0.920000017,0.140000001,-0.194150344,0.042633254
0.119999997,0.01,0.99000001,0.959999979,0.99000001,0.109999999,-0.132415518,-0.028328111
0.170000002,0.109999999,0.959999979,0.970000029,0.850000024,0.360000014,-0.181717575,0.076693155
0.200000003,0.090000004,0.970000029,0.829999983,0.860000014,0.529999971,-0.186135262,-0.247614861
0.200000003,0.090000004,0.970000029,0.829999983,0.850000024,0.529999971,-0.185268238,-0.241290614
0.119999997,0.090000004,0.99000001,1.029999971,0.469999999,0.49000001,-0.18351464,0.046611544
0.119999997,0.090000004,0.99000001,0.970000029,0.569999993,0.49000001,-0.191281483,-0.185465723
0.119999997,0.090000004,0.99000001,0.899999976,0.939999998,0.029999999,-0.143501893,-0.028292455
0.039999999,0.01,1,0.870000005,0.829999983,0.639999986,-0.163862154,-0.098128699
0.119999997,0.109999999,0.99000001,0.970000029,0.910000026,0.109999999,-0.170332327,-0.009237548
0.25999999,0.109999999,0.99000001,0.959999979,0.910000026,0.119999997,-0.156786576,0.00658454
0.379999995,0.349999994,0.02,0.230000004,0.090000004,0,-0.324658394,0.120474137
0.029999999,0.090000004,0.99000001,0.949999988,0.589999974,0.140000001,-0.147226736,-0.001246012
0.75,0.389999986,0.090000004,0.280000001,0.200000003,0.109999999,-0.158239827,-0.069564059
0.029999999,0.01,0.99000001,0.289999992,0.99000001,0.270000011,-0.144462585,-0.072124422
0.170000002,0.109999999,0.970000029,0.879999995,0.850000024,0.150000006,-0.161267191,0.033702545
0.029999999,0.090000004,0.970000029,0.970000029,0.519999981,0.140000001,-0.150598809,0.002373745
0.039999999,0.090000004,0.910000026,0.949999988,0.699999988,0.07,-0.144821003,0.004838299
0.720000029,0.5,0.02,0.230000004,0.039999999,0.400000006,-0.623199999,-1.08314085
0.959999979,0.600000024,0.01,0.219999999,0.239999995,0.560000002,0.022043943,-2.12301755
0.119999997,0.109999999,0.970000029,0.910000026,0.629999995,0.119999997,-0.148004621,-0.022935688
0.129999995,0.119999997,0.920000017,0.910000026,0.910000026,0.140000001,-0.178955972,0.018279057
0.239999995,0.129999995,0.970000029,0.959999979,0.939999998,0.119999997,-0.176709175,-0.019510001
0.07,0.01,1,0.959999979,0.980000019,0.379999995,-0.181161523,-0.012464381
0.029999999,0.109999999,0.99000001,0.970000029,0.910000026,0.140000001,-0.177255452,0.036333144
0.059999999,0.109999999,0.99000001,0.910000026,0.959999979,0.079999998,-0.166310668,-0.00953855
0.059999999,0.109999999,0.970000029,0.959999979,0.959999979,0.079999998,-0.169448748,-0.017120162
0.029999999,0.109999999,0.99000001,0.910000026,0.910000026,0.140000001,-0.17405802,0.036282554
0.029999999,0.109999999,0.970000029,0.970000029,0.910000026,0.140000001,-0.177868143,0.031856086
0.039999999,0.01,1,0.959999979,0.829999983,0.639999986,-0.169847116,-0.056098245
0.119999997,0.090000004,0.99000001,0.959999979,0.910000026,0.209999993,-0.171686411,0.028792117
0.119999997,0.109999999,0.970000029,0.970000029,0.910000026,0.140000001,-0.175375864,0.000279688
0.07,0.140000001,0.99000001,0.910000026,0.939999998,0.029999999,-0.176241532,-0.030749129
0.119999997,0.109999999,0.99000001,0.970000029,0.850000024,0.109999999,-0.167210966,0.014186053
0.170000002,0.090000004,0.99000001,0.959999979,0.889999986,0.360000014,-0.176068604,0.077278987
0.119999997,0.109999999,0.99000001,0.910000026,0.910000026,0.140000001,-0.171484992,0.010911332
0.170000002,0.090000004,0.970000029,0.970000029,0.930000007,0.360000014,-0.184223354,0.060290042
0.029999999,0.100000001,0.970000029,0.910000026,0.850000024,0.109999999,-0.160312444,0.029613864
0.159999996,0.150000006,1,0.870000005,0.959999979,0.109999999,-0.193293273,0.016189536
0.949999988,0.370000005,1,0.01,0.639999986,0.02,-0.061346233,0.271086335
0.039999999,0.01,1,0.959999979,0.959999979,0.639999986,-0.23614189,-0.142423049
0.039999999,0.01,1,0.959999979,0.889999986,0.639999986,-0.210417032,-0.056225609
0.059999999,0.109999999,0.980000019,0.959999979,0.959999979,0.079999998,-0.169212058,-0.016141642
0.029999999,0.109999999,0.970000029,0.899999976,1,0.079999998,-0.168847173,-0.007453388
0.02,0.109999999,0.970000029,0.970000029,0.910000026,0.079999998,-0.166126072,0.000723252
0.029999999,0.109999999,0.99000001,0.949999988,0.910000026,0.140000001,-0.176073894,0.036654025
0.039999999,0.01,0.970000029,0.959999979,0.889999986,0.610000014,-0.204519361,-0.05546334
0.159999996,0.090000004,0.99000001,1.029999971,0.939999998,0.129999995,-0.163736016,-0.021702494
0.029999999,0.109999999,0.970000029,0.959999979,0.910000026,0.109999999,-0.171408266,0.022484118
0.059999999,0.109999999,0.99000001,0.970000029,0.910000026,0.029999999,-0.156065136,-0.017070906
0.039999999,0.01,0.970000029,0.959999979,0.889999986,0.639999986,-0.210128576,-0.056089643
0.159999996,0.109999999,0.99000001,0.959999979,0.99000001,0.209999993,-0.185893923,-0.017518897
0.07,0.109999999,0.949999988,0.959999979,0.949999988,0.079999998,-0.171205342,-0.029133212
0.039999999,0.01,0.970000029,0.899999976,0.889999986,0.639999986,-0.194862887,-0.081076279
0.029999999,0.109999999,0.99000001,0.899999976,1,0.200000003,-0.192363217,0.01838484
0.039999999,0.01,1,0.899999976,1,0.639999986,-0.239831135,-0.168853089
1,0.930000007,0.01,0.970000029,0.150000006,0.899999976,-1.849464893,-5.541832924
0.059999999,0.109999999,0.970000029,0.970000029,0.99000001,0.079999998,-0.173724592,-0.038623996
0.059999999,0.109999999,0.980000019,0.959999979,0.99000001,0.079999998,-0.17290917,-0.03614831
0.779999971,0.600000024,0.01,0.219999999,0.079999998,0.449999988,-0.642930686,-2.816291571
0.059999999,0.109999999,1,0.959999979,0.959999979,0.079999998,-0.168765113,-0.017227855
0.039999999,0.01,1,0.959999979,0.889999986,0.610000014,-0.204537868,-0.057597443
0.07,0.109999999,0.99000001,0.970000029,0.949999988,0.079999998,-0.170691073,-0.028721277
0.039999999,0.01,0.970000029,0.959999979,0.910000026,0.639999986,-0.219035447,-0.083377957
0.029999999,0.109999999,0.99000001,0.959999979,1,0.200000003,-0.197399735,0.000613631
0.119999997,0.090000004,0.99000001,1.029999971,0.939999998,0.079999998,-0.161036357,-0.042649526
0.289999992,0.059999999,1.00999999,0.07,1.019999981,0.720000029,-0.365107566,0.042328481
1,0.879999995,0.029999999,0.949999988,0.01,0.75,0.46410507,-5.351365566
0.039999999,0.090000004,0.99000001,0.959999979,0.910000026,0.209999993,-0.177400723,0.03125887
0.029999999,0.109999999,0.99000001,0.959999979,0.889999986,0.200000003,-0.18612054,0.061265841
0.039999999,0.01,0.970000029,0.159999996,0.959999979,0.639999986,-0.213467538,-0.196039855
