omega1,theta0,theta_bar1,alpha3
4.928414408737744,14.582734067411765,16.092385822022003,0.22839970730676118
4.903878759535445,14.7215666970388,16.15881103441368,-0.3121098933247022
4.979514006659602,14.729442944377396,16.706223869622114,-0.15148047782182372
4.9862824593908055,14.91966706869729,16.6585362979601,1.0130776121490215
5.055958684939557,14.825529265466479,16.75211985171395,-0.7430362144887044
4.954056476473621,14.762612247938538,16.10782330891827,0.9404364703818027
5.046539083159304,14.66047671373178,16.177884895163164,-0.8798016296547952
4.973310648716481,14.81574755112574,16.737420971366195,0.8952684014874315
4.974590342615465,14.561118836853343,16.457704187263676,-0.9390083557852459
4.955604519848581,14.823875127261612,16.79087330077064,0.28363188271657114
4.941157960502219,14.726262379671342,16.78961325339988,0.8643119787391798
4.926245020795756,14.626500203022731,16.24399078906401,-0.9629858219215582
5.002346378830835,14.772178035503785,16.329600025570933,0.8415324910249458
4.956054574880472,14.98865980769393,16.350911094410765,0.5982677577455533
5.0043475503022545,14.784806338637324,16.52757840901155,0.20432630620733683
5.049830292208381,14.922940086467587,16.462157919926202,0.5321885193882432
4.983253326321125,14.570990917641197,16.113611648236603,-0.5392687697807149
4.9389963259596135,14.89830396364645,16.49468895950635,0.5442642425959117
4.940193822709985,14.593054434320564,16.57310038462668,-0.17073097069469856
4.916557354058969,14.529605315631047,16.09593977150513,0.575375837533733
5.06327517416066,14.514520228138863,16.344216498871397,-0.8456507390153799
5.068475063325139,14.933387144212475,16.746881518580853,0.781494889177083
4.9354977710445675,14.746873714048032,16.43917491684099,-0.9734648072817481
4.9687990798512205,14.637354455906028,16.61743938276394,-0.6865343441982258
4.971069423086367,14.905290321780157,16.322672325786495,1.0339417609127708
4.943032989824287,14.791151655402539,16.033022935526716,-0.8784195200792075
4.97504034934814,14.847921350661382,16.44088672289594,0.6607191659550746
4.919962621237499,14.580429604144749,16.053657052690465,-0.24975686602373826
4.905545655634869,14.586651325763848,16.536683234753916,-1.0416607547757852
5.0963677625260555,14.574640708572135,16.956755588063764,0.2576847596112124
5.040961120599121,14.717071160954799,16.153586936634806,-0.19028130433427304
4.910048992013444,14.520185835944941,16.27330545402576,-0.699452765754687
4.990844829363856,14.76611097127181,16.609145442285314,0.1416565429490102
5.088624283590984,14.595953122057946,16.479632885713727,0.16458217049821222
4.917622972455256,14.797221388286118,16.6116491506285,-0.2209535706371497
4.989233965392845,14.853978148731219,16.857178462216986,0.8564316209119183
5.012143274921231,14.502575101996095,16.879038084401945,0.7413091069800697
5.009242275706297,14.801802675856452,16.734838186261925,0.26441653377078045
5.021128032966124,14.773917546436977,16.006691612830167,-0.579138118386357
4.962925956176133,14.88119533890763,16.865879076784285,0.48367885888366247
4.918879588259914,14.667974817315548,16.281251845358867,-0.127544256150937
5.026891210190152,14.617002614104505,16.399037498783763,0.08918353649328026
5.082748749883214,14.70077171801109,16.741058680872946,-0.9901018275090977
4.987364635614806,14.864664365950528,16.02730921816221,-0.9984104259056823
5.006853317598126,14.889945095338826,16.597856519529213,0.17181292021465366
5.094225157519064,14.61040117296568,16.401856366287728,1.0231779183687675
5.059663235970938,14.78872707644895,16.66997061634373,-0.8989210220818008
5.083138159390662,14.735789045684754,16.77597194731719,0.7729082936267027
4.963456925244237,14.930670101736093,16.2066836037837,0.0521180707673905
5.098864581552865,14.506161743299558,16.532698334392474,-0.557877704443656
5.080241307970842,14.538558113515737,16.218563625682787,0.7095773858422072
5.097509378779213,14.617838692047581,16.18282422299165,0.05798023866738955
5.065192959891871,14.598821090088302,16.57857994246072,-0.9094226358221456
5.016719504096758,14.605314997358587,16.482104576044023,0.8856900846484539
4.925976780986064,14.603771352141644,16.303366861592924,0.28065551772094866
5.017241254489825,14.894880623579454,16.799492856095842,-1.0303882037393208
5.0578845037303655,14.862248963064628,16.818608121181835,0.23820055608928836
5.067939506687762,14.508915330531776,16.700127653878432,0.39314352888698134
4.901710384965959,14.80479122898537,16.765964752825063,0.5823194230123745
4.900932676356204,14.523225351552213,16.64108236257975,0.18879774348985956
4.902437666359928,14.713756481176675,16.853665238362453,0.3041787480360878
4.958614131284465,14.665181881744212,16.694572067582076,-0.27514573806324016
4.94524397157108,14.544450769387314,16.450261639194537,-0.08525606985022638
4.981038877313046,14.592476282028732,16.288818349121335,-0.6226400341164197
5.032927834838427,14.842237760831662,16.203192516223133,-0.26342899088720184
4.948303971819613,14.957183729532835,16.229907285422183,0.7288334751125103
5.07802167263984,14.674255796300079,16.729925488550066,0.02784456554653425
4.951877877506715,14.740343825039675,16.197637741301097,-0.5458664058636195
5.001164923832513,14.575339507363891,16.01253629423275,0.9206388642014549
5.023436176645863,14.793411249147082,16.020062114778465,-0.33809118949031614
4.995061925583033,14.685990842519981,16.275718268598737,-0.772896845114894
5.086463090000286,14.768304019799189,16.720446084878052,0.7982810169546115
5.045026806476783,14.836898884357375,16.2676405635818,0.48051807674435065
5.073783733150983,14.630190742406219,16.015141352648264,0.18043947138505811
5.071130694200255,14.527185301838268,16.212491291103234,-0.7621900531375211
5.0938325622928815,14.910470053502477,16.421497563376775,-0.2968393101544229
4.976768018221092,14.759900921752442,16.938140224306476,-0.7050109181560671
5.008132991532059,14.535178053527334,16.308879811827595,0.4490157043387577
4.967045744953587,14.555833474154152,16.368737807448234,-0.31887360631777883
4.923112105342532,14.566233740073123,16.661318583966946,0.825860573190843
4.992161932304626,14.874090040072359,16.97657791244265,0.12541726420640464
5.048854441221682,14.752094336103783,16.388672621112487,0.35949025925823075
4.914582031666463,14.749308749673645,16.511974599546974,-0.7854339441078366
4.932331514184994,14.69240524637671,16.313026326598212,0.47064796148671983
5.087598162947921,14.838188281722458,16.122297501868342,0.3315973558666274
5.036701743288448,14.55115209994748,16.412530094028252,-0.8169990314006748
4.991138949448714,14.655703401317387,16.837871119379525,0.6205837329583996
5.013889733316697,14.530569815476378,16.249798417230735,0.8155149068863903
4.915201867598615,14.797611860444146,16.889781733448697,0.6560390930245374
5.050338124673298,14.895195350363606,16.919629981634685,0.7213577695069755
5.030893558721516,14.940284886204731,16.372418498441956,-0.6479360927174953
4.939832664589533,14.670067142581027,16.545019943499963,-0.42522487063796444
5.0540341894684495,14.885063858874304,16.950614527583788,-0.8304051237160549
5.090027363745802,14.929772534780396,16.71986019144855,-0.670525484163691
4.977855605020253,14.632930427309272,16.517109441534547,-0.14114687239179036
5.0279454106804184,14.69621202872578,16.7552450850094,-0.7284663702726248
5.052118201068973,14.70382939391663,16.06632481224069,-0.6555838293130187
5.037094613967989,14.971916870796289,16.891481163326542,-0.798249092615879
5.0530913073465715,14.693948586560257,16.712089713533036,0.670724259671114
5.074284761470827,14.64566910191105,16.845742135619265,-0.3970691915796052
5.015510650809863,14.706429394235037,16.162055269432486,-0.20130565372395848
4.924835264733414,14.946364625482737,16.621403742415687,-0.2834805223056175
5.089204110191042,14.623879508664428,16.809978533155007,-0.016360230970350775
5.079955466739169,14.901403977974153,16.077123224243394,0.49256129059296394
4.960164870387674,14.644197699186428,16.495791866278804,-0.26108791407398424
4.966473909016848,14.962553196509312,16.675871079861302,-0.9261350111400595
5.0610936373387005,14.93564039802707,16.257404393289388,-0.16720861772688222
5.033253396025287,14.67673814802162,16.505449859128053,-0.4928883361828704
4.988518820505163,14.733107916677618,16.831200000205403,-0.11285821542636931
4.907262130331968,14.858684249853304,16.982811639744067,0.34187193779001324
5.069857035492243,14.960400205770489,16.587933887471795,-0.718510514505772
5.0349683025297916,14.94477811562602,16.638690414942655,0.8737864665000852
5.051098434161045,14.613904424899943,16.96991728499452,0.09959728942368962
4.913736749404094,14.744481456389028,16.762880814516453,0.6922863244283364
5.0640088314870155,14.990520383839666,16.471895770401876,-0.3833331208378771
4.961045801896329,14.904523197154953,16.00349111283983,0.6329386822568475
4.9371678622948565,14.915223227657242,16.60319949316708,-0.8144250564871043
4.93383104091149,14.639375954964791,16.81010547412397,-0.9836430874643398
4.9301672449096445,14.950297126934078,16.804261442856294,-0.03672412506952383
5.058474119964163,14.997654157615008,16.654913204049446,-0.09670471507029177
4.942269034773887,14.628161498878633,16.970112992895704,-0.5950685412293804
4.908901067679411,14.679276330903093,16.382009496656565,-0.7770956885449547
4.927862390346068,14.974388566742109,16.949004048375095,0.4560723580926578
5.035134568258043,14.682536035307457,16.99252171588172,0.21767919802148872
5.043609114274133,14.739159118437778,16.35776583599214,-0.5685345604113607
5.06268291910079,14.653712465465894,16.10403180043905,-0.6137716497935867
4.944315202812966,14.95311387064821,16.317397992457032,-0.0032223490358245233
5.047058087285876,14.680658736493621,16.688546613463068,0.4038425526818392
5.007295967191732,14.554682362627938,16.62968719603547,0.14715897911593667
5.042961365851651,14.66450716834927,16.682315894089346,0.29889479506678196
5.005353009543841,14.984035750320723,16.047468054225146,0.9895914649029878
4.921227986719095,14.708802985220089,16.405317852107,0.9282658106535884
4.93639009087902,14.90932921887724,16.522859621432747,-0.5194705899596794
4.94789895295442,14.884534069434661,16.19173886279019,-0.0492870329101166
4.969741298193957,14.564315787009768,16.434770560429047,0.746809997753944
4.92247834983092,14.699306494392877,16.37586845790457,0.5050734580033309
4.959480808886147,14.589684314847709,16.771693187319723,-0.35122148751139515
4.993639726908858,14.820250031357725,16.58107985882097,-0.9142468433646833
4.99481470117577,14.81001247712766,16.89928772721804,-0.3637051733434652
5.039066613221933,14.807083518928314,16.33024570857298,-0.8661777750104082
4.9575184306844635,14.890733341295183,16.544823167926573,-0.02499812634004628
4.931893702723658,14.819794535854813,16.942189484988845,-0.41590989010230484
5.019240725617404,14.785509603461717,16.427731303809928,0.8313837622537723
5.05613979792106,14.834663835404264,16.844295128016203,0.6830702383802829
5.081793913063791,14.620815749714456,16.784837423760063,0.24278657798356384
4.984060258151417,14.755062985661537,16.041331781305335,-0.05409320770779047
5.066359577730362,14.781938609754455,16.873513108394224,-0.21301449458438826
5.085747098903799,14.569776302418804,16.237168970892142,0.9720197995700046
5.038538015379673,14.865917773286357,16.92841182332715,0.5463675473246805
4.997744582959878,14.500539028919375,16.172313451310572,0.9546202327324369
5.076068577168182,14.871241127023467,16.14727937496445,0.6098519387404266
5.014674487656711,14.518898640754331,16.56013629034167,-0.23823236284942106
5.003841902748186,14.828021353077645,16.1865572826192,0.42981967804506915
5.024758133703121,14.9390279532666,16.569696416610768,-0.4815449466308065
5.099327548369964,14.992541922150167,16.2341873169235,0.06447635020275588
5.022018383351143,14.753818471916427,16.50286755996785,0.13405872771256377
4.996561868765099,14.558664947168262,16.4464222122844,-0.4602546054496093
5.0925441024167695,14.808460905528257,16.136052834075496,0.7952398775012579
4.953067176735045,14.98127822525337,16.632956356707503,0.07804196940947827
4.949290189456138,14.600073337254804,16.083106510546074,-0.7441118762622292
5.031988091313207,14.722726062171317,16.90357671065276,-0.8504059872367487
5.070839718997948,14.926695666849573,16.33932930322837,0.7599823925415425
5.077991672829834,14.54518018079179,16.055018933455152,-1.0229822840516765
5.091813937762313,14.652242487382079,16.922582461946682,0.5937793943907776
5.028213773732544,14.710967789208802,16.36488087266334,-0.6046660450364592
4.934196481332155,14.71763480998539,16.260782076534998,-0.446361162256118
4.980114492388996,14.867987689246021,16.118427937588873,0.9095924426671529
5.025534930043886,14.761237213825625,16.828807899817548,-0.491036506022158
4.978089794360638,14.844263832588293,16.2989893487385,-0.376086928813547
5.041543520379045,14.87593751567617,16.03806802673837,1.0468133789477718
5.095824293050688,14.997394495861592,16.673440857458587,-0.0736164279663396
4.964883195045347,14.659446318164482,16.169809954032804,-0.40638801154251125
4.909918804815961,14.921715909637422,16.905378648362152,0.4235499208779976
4.90623634487579,14.77896973872478,16.964249254489076,0.03371664065819324
4.999799375336585,14.878882202930402,16.291795241230826,-0.512610374262806
5.060157468203728,14.84728038358424,16.469107244547214,-0.4650299420140803
5.000789493500644,14.967837888599748,16.41646755736743,0.5181673573878103
4.9468511017297345,14.517009491166414,16.822757926760794,0.3727978895104844
5.020358128652673,14.689407362600871,16.253460359158296,0.5567370472661366
4.929337609177492,14.579488564825366,16.934126310338826,0.32002140761205244
5.0752843376408485,14.851522495893057,16.133518765838236,-0.6358049712059944
4.965735624633792,14.94987484913309,16.999940601147312,0.013874787579111869
4.920356857734749,14.542170318937073,16.55681322938354,0.3499932534635575
4.950894868700579,14.648174394056849,16.348488283383677,0.38613325325607306
4.972471290098109,14.73249054153704,16.143100074144538,0.9426287043538264
5.018624800640567,14.958912770208268,16.554129686258268,-0.18592113000848554
5.044731546249512,14.775666671059083,16.5945155342226,0.004538619385785481
4.911111081691962,14.608660095982529,16.989394924385646,-0.9444130907863648
4.91268478830907,14.966683056536157,16.06463529632162,-1.0090297935351122
5.011611082369232,14.5118509476942,16.91418883724222,0.999824745626847
4.970248041108748,14.831299017676647,16.64732124203601,-0.533672698209971
4.904015268292363,14.987055915001674,16.88144489111848,-0.326056621797263
5.084681377329438,14.640275658857757,16.127465450738768,0.9842493630284339
4.952040869319865,14.857341593531396,16.864384348198197,0.10709427863872634
5.029896253752937,14.534770608890437,16.486203387980066,-0.42959576638930086
4.985338709226504,14.977915514626332,16.22451365909868,0.643492130987789
4.982367800331793,14.813734267959545,16.071770267530617,-0.6603673172627722
4.998006925309819,14.91400117638789,16.69618310976896,-0.06841213043256367
5.072111452446841,14.547707632936753,16.085046024557972,0.41417806895037756
5.010622151498515,14.9752397497152,16.393399848262867,-0.11700048288593734
