-1.213345527648925781e+00,7.287368178367614746e-02,-6.953594684600830078e-01
-1.365089297294616699e+00,-3.170335292816162109e-02,-3.083596706390380859e+00
2.711129747331142426e-02,-9.752706438302993774e-02,-2.016892433166503906e+00
-1.208953022956848145e+00,2.626052796840667725e-01,-1.195172369480133057e-01
-2.168282508850097656e+00,-1.043836995959281921e-01,-2.391316175460815430e+00
-2.280309677124023438e+00,-7.064993977546691895e-01,-1.178448915481567383e+00
-6.436957120895385742e-01,1.676740944385528564e-01,-8.572492003440856934e-02
-1.540578603744506836e+00,-1.773924827575683594e-01,-1.363162547349929810e-01
-1.120988130569458008e+00,-1.160956978797912598e+00,-1.201605129241943359e+01
9.172561578452587128e-03,-1.982372701168060303e-01,-1.085354164242744446e-01
-2.312186509370803833e-01,2.424086928367614746e-01,-2.220175713300704956e-01
-1.720306754112243652e+00,7.143505662679672241e-02,1.676697582006454468e-01
-3.578406810760498047e+00,1.400301605463027954e-01,-7.482618689537048340e-01
-3.947209835052490234e+00,2.379573322832584381e-02,-7.567841053009033203e+00
-2.620843887329101562e+00,-5.912402644753456116e-03,1.830005645751953125e-01
-4.874433279037475586e-01,-3.974239155650138855e-02,-8.218979239463806152e-01
-1.622546195983886719e+00,3.467304408550262451e-01,-6.747841835021972656e-01
-8.650051355361938477e-01,-1.748603768646717072e-02,8.977378159761428833e-02
-4.730108976364135742e-01,-7.868864387273788452e-02,-1.118209719657897949e+00
-8.459267020225524902e-01,4.212836176156997681e-02,-6.251482963562011719e-01
-5.582081675529479980e-01,-3.456655889749526978e-02,-3.018275201320648193e-01
1.205362752079963684e-02,1.700300164520740509e-02,-4.643535614013671875e-01
-1.255722165107727051e+00,4.393972456455230713e-02,1.570550650358200073e-01
3.600008010864257812e+00,3.477735221385955811e-01,-6.644104003906250000e+00
-1.395116090774536133e+00,-6.850527599453926086e-03,-6.196440458297729492e-01
-1.491848230361938477e+00,8.117286860942840576e-02,-6.243925690650939941e-01
-2.556596696376800537e-01,-1.092145144939422607e-01,-2.622904181480407715e-01
-1.717718601226806641e+00,6.256979703903198242e-02,7.065074983984231949e-03
-1.371610999107360840e+00,4.701941311359405518e-01,-8.104522526264190674e-02
-2.033809900283813477e+00,5.566411465406417847e-02,-4.120247960090637207e-01
-7.472949028015136719e-01,-1.359746158123016357e-01,-4.955763816833496094e-01
-1.986048102378845215e+00,-1.025467291474342346e-01,-2.524327635765075684e-01
4.314378276467323303e-02,-4.351038113236427307e-02,-1.518348604440689087e-01
-2.648758590221405029e-01,3.921895846724510193e-02,-3.961566686630249023e-01
-2.395658493041992188e+00,1.148023903369903564e-01,-1.412067651748657227e+00
-1.722306251525878906e+00,6.820268183946609497e-02,-1.523270249366760254e+00
-2.951756715774536133e-01,-2.239770889282226562e-01,-6.983026117086410522e-02
-5.756078958511352539e-01,3.826826810836791992e-02,-7.453051954507827759e-02
-6.972640752792358398e-01,-2.711358666419982910e-02,-1.058921098709106445e+00
-1.000590771436691284e-01,-3.905153572559356689e-01,-7.939967513084411621e-01
8.969846181571483612e-03,-3.065152792260050774e-03,-1.192468404769897461e-01
1.209513664245605469e+00,-4.586958289146423340e-01,-1.915738105773925781e+00
1.995701789855957031e-01,-6.264878809452056885e-02,-2.199766159057617188e+00
2.777974009513854980e-01,-2.739273607730865479e-01,-8.867328763008117676e-01
1.848356127738952637e+00,-1.616481304168701172e+00,-1.024726200103759766e+01
-4.950721263885498047e-01,5.273587256669998169e-02,-1.855629980564117432e-01
-1.036687970161437988e+00,3.859304189682006836e-01,-4.402369856834411621e-01
-1.201652511954307556e-01,3.750832751393318176e-02,-2.934212237596511841e-02
-2.950618267059326172e-01,-9.286533296108245850e-02,-1.539178788661956787e-01
-4.697494208812713623e-01,1.103913597762584686e-02,4.546706378459930420e-02
-1.561872243881225586e+00,-4.028050601482391357e-02,9.776073694229125977e-02
-1.098138093948364258e+00,2.913655936717987061e-01,-1.606541991233825684e+00
-5.947073101997375488e-01,-7.536543160676956177e-02,-8.994778394699096680e-01
8.761653676629066467e-03,-1.400667726993560791e-01,-8.001872897148132324e-01
-3.421786725521087646e-01,1.917645335197448730e-01,-4.016345441341400146e-01
-6.343200206756591797e-01,9.510761592537164688e-04,-3.307482600212097168e-01
-5.599779486656188965e-01,2.425398230552673340e-01,-7.275219075381755829e-03
-1.015970706939697266e+00,6.601181030273437500e-01,1.913741696625947952e-03
-7.148780822753906250e-01,-1.200522109866142273e-02,1.380016803741455078e-01
-4.057269990444183350e-01,-1.977976262569427490e-01,-3.352044582366943359e+00
-1.679904222488403320e+00,1.452902704477310181e-02,-1.683429121971130371e+00
2.323478907346725464e-01,-1.030502244830131531e-01,-1.546437144279479980e+00
-9.213974475860595703e-01,2.417805418372154236e-02,-6.656829118728637695e-01
1.756355911493301392e-01,-4.103785753250122070e-02,-3.403254270553588867e+00
-1.892145276069641113e-01,-2.641804888844490051e-02,-1.648876518011093140e-01
-1.264172554016113281e+00,-4.624788090586662292e-02,-4.445545971393585205e-01
-5.690649747848510742e-01,-5.353783816099166870e-02,-8.538950085639953613e-01
-7.728470563888549805e-01,-3.512165276333689690e-03,-5.689313411712646484e-01
-6.677529811859130859e-01,1.545740962028503418e-01,-9.689242839813232422e-01
-6.851614713668823242e-01,1.012712866067886353e-01,-1.011162877082824707e+00
-9.128223657608032227e-01,-5.165721103549003601e-02,-3.314571678638458252e-01
-5.389713048934936523e-01,-2.422153502702713013e-01,9.442667476832866669e-03
-2.113085508346557617e+00,-9.521180391311645508e-02,-7.254356741905212402e-01
-9.015349149703979492e-01,-4.695722758769989014e-01,-1.112277507781982422e+00
-1.032665729522705078e+00,-1.319358795881271362e-01,2.218638509511947632e-01
9.760582447052001953e-01,-1.018022775650024414e+00,-7.353950023651123047e+00
-1.728116631507873535e+00,-8.991671353578567505e-02,-1.140869259834289551e+00
-7.254973649978637695e-01,-5.232455953955650330e-02,-5.247388966381549835e-03
-3.334613084793090820e+00,-7.842575311660766602e-01,-3.985499143600463867e+00
-4.706371724605560303e-01,8.089265823364257812e-01,-1.482308030128479004e+00
-3.114217817783355713e-01,3.990818560123443604e-02,-4.267181158065795898e-01
-1.068883419036865234e+00,-8.838760852813720703e-01,-1.523829698562622070e+00
-7.291688919067382812e-01,5.259982123970985413e-02,-4.674101471900939941e-01
-1.419955611228942871e+00,6.133065372705459595e-02,2.179910391569137573e-01
-2.429525405168533325e-01,-1.249269008636474609e+00,-1.108719730377197266e+01
-1.447381496429443359e+00,-7.606513798236846924e-03,-1.636716723442077637e+00
-9.861018657684326172e-01,4.294400513172149658e-01,-9.688786268234252930e-01
2.385748624801635742e-01,2.756622619926929474e-02,-1.299503803253173828e+00
-3.403794765472412109e-01,2.835299260914325714e-02,-3.781368434429168701e-01
-7.815167903900146484e-01,-1.634354144334793091e-01,-5.553579330444335938e-02
-6.482092738151550293e-01,-1.324771791696548462e-01,-5.738362669944763184e-01
-1.068474769592285156e+00,-4.490015208721160889e-01,-2.554907321929931641e+00
3.681869804859161377e-01,-1.237124949693679810e-01,-2.747523546218872070e+00
-1.408501714468002319e-01,-1.933640837669372559e-01,-1.574823021888732910e+00
-1.315932750701904297e+00,-1.177510991692543030e-02,1.224099937826395035e-02
-1.356937408447265625e+00,1.298673748970031738e-01,-6.010851860046386719e-01
-7.752319574356079102e-01,1.645412296056747437e-02,6.955695338547229767e-03
-7.298523783683776855e-01,1.225728690624237061e-01,-4.871832206845283508e-03
-3.335278272628784180e+00,-3.347800970077514648e-01,-6.686124205589294434e-01
-3.340821266174316406e+00,-5.992247164249420166e-02,-3.581841886043548584e-01
-3.099973201751708984e-01,-5.431069731712341309e-01,-4.731290340423583984e-01
1.137910317629575729e-02,-4.370818659663200378e-02,-3.628785610198974609e-01
-6.500017046928405762e-01,-7.632820401340723038e-03,-8.981043100357055664e-01
-2.138434171676635742e+00,7.342037558555603027e-02,-5.007350444793701172e-01
-5.341610908508300781e-01,6.947259604930877686e-02,-1.767746657133102417e-01
-1.602907031774520874e-01,1.727981567382812500e-01,-8.944756984710693359e-01
-1.701084733009338379e+00,-3.792403265833854675e-02,-5.124331116676330566e-01
-1.784674227237701416e-01,1.686983704566955566e-01,-3.248086571693420410e-01
-3.078324533998966217e-02,4.316901415586471558e-02,-7.473456114530563354e-02
-2.471355348825454712e-01,-6.249313801527023315e-02,-1.833258718252182007e-01
-7.118369936943054199e-01,-3.103930950164794922e-01,1.554407477378845215e-01
-2.077924489974975586e+00,-4.786917567253112793e-01,-6.119564175605773926e-01
-2.683641314506530762e-01,7.964839786291122437e-02,-1.028497889637947083e-02
-9.846210479736328125e-01,-8.454643934965133667e-02,-7.925249338150024414e-01
-6.432628631591796875e-01,-5.036227777600288391e-02,-4.127824902534484863e-01
-1.585655927658081055e+00,-2.435806989669799805e-01,-1.573526859283447266e+00
-5.284366607666015625e-01,7.763394713401794434e-02,-3.308803439140319824e-01
-1.628587096929550171e-01,1.266785413026809692e-01,-2.300481319427490234e+00
-9.131832420825958252e-02,-1.425103694200515747e-01,-3.668572664260864258e+00
-1.191595673561096191e+00,-1.449955850839614868e-01,-1.867150187492370605e+00
-2.997434139251708984e-01,-9.253574907779693604e-02,-2.518156051635742188e+00
-2.461055815219879150e-01,3.329611197113990784e-02,-9.901790618896484375e-01
5.401669144630432129e-01,-3.505808711051940918e-01,-9.497474431991577148e-01
-8.111737370491027832e-01,2.481000870466232300e-01,-2.342872858047485352e+00
9.757813066244125366e-02,-2.080799043178558350e-01,-6.137981414794921875e-01
-1.029585123062133789e+00,1.891644485294818878e-02,-1.181352660059928894e-01
-2.763424158096313477e+00,-6.451722234487533569e-02,-3.785161375999450684e-01
-1.656423091888427734e+00,-3.002448081970214844e-01,-9.734025001525878906e-01
-9.615266323089599609e-01,-1.108834296464920044e-01,1.300323638133704662e-03
-2.313366681337356567e-01,2.513013780117034912e-02,-2.799999117851257324e-01
-8.296647667884826660e-01,4.099674224853515625e-01,-8.685868978500366211e-02
4.155050516128540039e-01,-3.729442954063415527e-01,-1.310192346572875977e+00
-7.382344007492065430e-01,5.920634418725967407e-02,1.797332018613815308e-01
1.199166700243949890e-01,-6.941469907760620117e-01,-4.006037712097167969e+00
-1.040074706077575684e+00,-7.081609219312667847e-03,7.580474764108657837e-02
-2.801122903823852539e+00,7.025508582592010498e-02,-2.330731153488159180e+00
-1.651689529418945312e+00,-9.725400805473327637e-02,-9.161002635955810547e-01
-1.421936035156250000e+00,7.883554697036743164e-02,-9.242649376392364502e-02
-1.686256647109985352e+00,1.421632710844278336e-03,2.313499152660369873e-01
-7.300966382026672363e-01,1.581355631351470947e-01,-4.261141300201416016e+00
-1.246186017990112305e+00,2.374020591378211975e-02,-1.051669120788574219e-01
-9.227437973022460938e-01,-2.877673506736755371e-01,-8.382454514503479004e-01
-1.516049653291702271e-01,7.281161844730377197e-02,4.899519495666027069e-03
-8.557604551315307617e-01,-2.341719344258308411e-02,-4.894638061523437500e-01
-1.067535042762756348e+00,-9.985545650124549866e-03,-4.875767976045608521e-02
-1.408541679382324219e+00,-1.769673079252243042e-01,2.918755114078521729e-01
-8.851062655448913574e-01,-4.179916344583034515e-03,-1.172802373766899109e-01
3.426007747650146484e+00,1.150780797004699707e+00,-1.487072277069091797e+01
-8.335692882537841797e-01,4.511570185422897339e-02,-6.712573170661926270e-01
-1.079488873481750488e+00,-8.898103237152099609e-01,-9.351115822792053223e-01
-7.637150883674621582e-01,-1.362800039350986481e-02,-3.297014534473419189e-02
-2.440279006958007812e+00,-3.096958696842193604e-01,-8.674050569534301758e-01
-6.783322989940643311e-02,-3.822024539113044739e-02,-4.447378516197204590e-01
-1.557355999946594238e+00,-5.419391766190528870e-02,-7.921891212463378906e-01
-4.485024452209472656e+00,1.410973072052001953e-01,4.284712672233581543e-01
-2.051386356353759766e+00,4.130392968654632568e-01,-1.773488521575927734e+00
-1.478379368782043457e+00,-9.903073310852050781e-02,-2.528269402682781219e-02
-1.062010645866394043e+00,-2.395508065819740295e-02,-4.423398971557617188e-01
-9.838333725929260254e-01,-1.319804936647415161e-01,-9.430108070373535156e-01
-8.002279400825500488e-01,1.347412019968032837e-01,-2.753287255764007568e-01
1.487102508544921875e-01,-2.675030529499053955e-01,-9.138622283935546875e-01
-1.425748348236083984e+00,8.363807946443557739e-02,2.454313077032566071e-02
-2.460744380950927734e+00,2.014173269271850586e-01,-1.320536732673645020e+00
-3.457354903221130371e-01,1.523962169885635376e-01,-1.734328866004943848e-01
-1.606130897998809814e-01,9.733242914080619812e-03,-5.106506824493408203e+00
-2.064462661743164062e+00,-2.065682038664817810e-02,-4.666966199874877930e-01
-2.402168989181518555e+00,-8.368555456399917603e-02,-4.928244113922119141e+00
-1.120607614517211914e+00,-7.662045210599899292e-02,-2.176694869995117188e-01
-1.506621003150939941e+00,-2.857809066772460938e-01,8.768431842327117920e-02
-2.531895637512207031e-01,-1.721867322921752930e-01,2.010841481387615204e-02
1.628625094890594482e-01,-8.716618418693542480e-01,-2.893933534622192383e+00
-1.606784105300903320e+00,-1.238099038600921631e-01,-1.291089534759521484e+00
-2.907540082931518555e+00,2.436312586069107056e-01,-2.511173188686370850e-01
4.498602747917175293e-01,3.805931657552719116e-02,-5.681941986083984375e+00
2.982168495655059814e-01,-2.826570868492126465e-01,-1.078642129898071289e+00
-3.751818090677261353e-02,-7.860869169235229492e-02,-1.750221610069274902e+00
-1.522733330726623535e+00,2.728328704833984375e-01,-8.850143104791641235e-02
-1.800085544586181641e+00,3.455207049846649170e-01,-5.142326354980468750e-01
-2.081497907638549805e+00,1.415680628269910812e-03,-1.825536340475082397e-01
-3.129953444004058838e-01,2.688994407653808594e-01,-4.690636157989501953e+00
3.162744641304016113e-01,-8.000680059194564819e-02,-1.784789276123046875e+01
-1.490043699741363525e-01,3.668196499347686768e-02,-6.206350922584533691e-01
-1.473908901214599609e+00,-1.751322746276855469e-01,-1.945616900920867920e-01
-1.175466060638427734e+00,7.001189589500427246e-01,-2.467909336090087891e+00
-1.554791331291198730e+00,7.155680656433105469e-02,1.182714104652404785e-01
-9.223639965057373047e-01,-2.103762328624725342e-02,-3.009553551673889160e-01
-5.032252669334411621e-01,1.051726102828979492e+00,-2.438968420028686523e+00
-4.775593578815460205e-01,9.710355848073959351e-02,-5.046864151954650879e-01
-1.771280407905578613e+00,1.373788416385650635e-01,-3.489014804363250732e-01
-7.955056428909301758e-01,1.189220249652862549e-01,-2.853929400444030762e-01
-2.993733167648315430e+00,1.416934281587600708e-01,-1.364082932472229004e+00
-1.937238812446594238e+00,-2.313685864210128784e-01,-2.926506042480468750e+00
-2.400469303131103516e+00,3.461005687713623047e-01,-1.274652957916259766e+01
-7.061427831649780273e-01,7.408599555492401123e-02,-9.497228860855102539e-01
-1.447891831398010254e+00,5.566366389393806458e-02,8.619828522205352783e-02
6.905152797698974609e-01,-1.050267457962036133e+00,-2.758778572082519531e+00
-1.051142334938049316e+00,-2.230676114559173584e-01,-6.320003271102905273e-01
-1.769743323326110840e+00,-6.564502716064453125e-01,-1.463573932647705078e+00
-4.780768454074859619e-01,-4.771096631884574890e-02,-1.345400661230087280e-01
-1.432575583457946777e+00,1.242370828986167908e-01,-1.550991058349609375e+00
1.244680166244506836e+00,-9.382151365280151367e-01,-1.578186988830566406e+00
-1.043922781944274902e+00,-4.936034604907035828e-02,-2.480104118585586548e-01
-1.963042169809341431e-01,3.155968151986598969e-03,-4.115138575434684753e-02
-1.773877143859863281e-01,-1.644711345434188843e-01,-4.904603362083435059e-01
-5.540068149566650391e-01,1.309172958135604858e-01,-6.804761290550231934e-01
-1.287327051162719727e+00,7.176420092582702637e-02,1.349563989788293839e-02
-7.347230911254882812e-01,-8.615198731422424316e-02,-1.132129430770874023e-01
-6.386191248893737793e-01,4.576387405395507812e-01,-1.345385015010833740e-01
4.315379858016967773e-01,-4.937775731086730957e-01,-1.150036430358886719e+01
4.417953789234161377e-01,-1.939591765403747559e-02,-4.190106391906738281e+00
-1.890922188758850098e+00,2.828256487846374512e-01,-4.597058296203613281e+00
-2.382948398590087891e+00,-5.660087466239929199e-01,-3.135075378417968750e+01
-2.229304052889347076e-02,2.022853344678878784e-01,-4.617463588714599609e+00
-3.268021047115325928e-01,-5.068859830498695374e-02,-4.915975965559482574e-03
-6.120921373367309570e-01,4.780567288398742676e-01,-3.057737350463867188e-01
-8.737822771072387695e-01,-2.074335366487503052e-01,2.993716895580291748e-01
-6.704665422439575195e-01,1.602566614747047424e-02,4.979114979505538940e-03
8.808428645133972168e-01,1.426337510347366333e-01,-2.806867361068725586e+00
-2.255807518959045410e-01,1.443726290017366409e-02,1.771883480250835419e-02
-3.146460652351379395e-01,-5.452270507812500000e-01,-2.441397666931152344e+00
-1.888459324836730957e-01,1.044285297393798828e-02,-3.474833667278289795e-01
-1.037002801895141602e+00,-1.153327524662017822e-01,-4.444154500961303711e-01
-1.233414530754089355e+00,4.824762642383575439e-01,-1.854841411113739014e-01
-5.414818525314331055e-01,1.329539269208908081e-01,-3.473547995090484619e-01
-6.222478151321411133e-01,9.027983248233795166e-02,-1.167958021163940430e+00
2.422716379165649414e+00,5.979553461074829102e-01,-1.182393646240234375e+01
-1.731921315193176270e+00,-2.800720036029815674e-01,1.343466937541961670e-01
-1.242293477058410645e+00,1.826524501666426659e-03,-3.310776948928833008e-01
-6.096193194389343262e-01,7.084419578313827515e-02,-2.971875667572021484e-01
-3.796117305755615234e-01,-2.784190466627478600e-03,2.036448754370212555e-02
-1.411785364151000977e+00,-3.213915508240461349e-03,4.681104328483343124e-03
-1.990705609321594238e+00,-2.075760513544082642e-01,-3.804951310157775879e-01
1.625305891036987305e+00,1.612771451473236084e-01,-6.017127513885498047e+00
-9.299941658973693848e-01,9.711344242095947266e-01,-1.760609269142150879e+00
-1.036089062690734863e-01,-5.378380883485078812e-04,-1.597845926880836487e-03
-3.618188500404357910e-01,1.875500567257404327e-02,-2.180105447769165039e-01
4.148810207843780518e-01,1.226773019880056381e-02,-2.399879217147827148e+00
-3.260154724121093750e+00,4.518303275108337402e-01,-1.785750031471252441e+00
-1.360258102416992188e+00,5.043996572494506836e-01,-1.106353640556335449e+00
-9.505246281623840332e-01,3.516500592231750488e-01,-3.015017509460449219e+00
3.538511991500854492e+00,2.472223997116088867e+00,-inf
-2.096310615539550781e+00,-2.762115895748138428e-01,-2.803545188903808594e+01
-1.297583580017089844e+00,5.654450058937072754e-01,-2.164799308776855469e+01
-2.330280303955078125e+00,-8.750568628311157227e-01,-2.552128982543945312e+01
-3.086590290069580078e+00,-3.406420350074768066e-01,-2.620261001586914062e+01
-4.282981872558593750e+00,-2.154673337936401367e+00,-2.822103309631347656e+01
-2.035446405410766602e+00,9.775986671447753906e-01,-4.402143478393554688e+01
-5.996558070182800293e-01,-2.420755289494991302e-02,-7.525404453277587891e+00
3.961239457130432129e-01,1.331554055213928223e+00,-7.035014343261718750e+01
-1.825812697410583496e+00,-1.141819506883621216e-01,-1.693421483039855957e+00
-1.469899892807006836e+00,9.354901313781738281e-02,-2.344865417480468750e+01
-1.936365604400634766e+00,-4.181622862815856934e-01,-1.317251396179199219e+01
-1.393162488937377930e+00,1.191463600844144821e-02,-5.654059410095214844e+00
-1.831139326095581055e+00,1.705949008464813232e-02,-4.031998443603515625e+01
-8.247309923171997070e-01,-4.369498416781425476e-02,-5.506717205047607422e+00
-2.416651725769042969e+00,-3.199557587504386902e-02,-4.341984558105468750e+01
-1.716865062713623047e+00,3.014482259750366211e-01,-7.320724129676818848e-01
-2.784993946552276611e-01,2.985783815383911133e-01,-1.884895324707031250e+00
-2.934743165969848633e+00,-3.038631677627563477e-01,-1.393802261352539062e+01
-1.819597244262695312e+00,4.357784390449523926e-01,-9.158065319061279297e-01
-1.952849626541137695e+00,-2.370451241731643677e-01,-3.398111104965209961e+00
-1.588517665863037109e+00,-2.630656659603118896e-01,-1.018930435180664062e+00
-1.225688934326171875e+00,-1.668191850185394287e-01,-5.655230283737182617e-01
-2.920934557914733887e-01,-3.041002154350280762e-02,-1.888905525207519531e+00
-3.123161792755126953e-01,3.231839537620544434e-01,-2.297658920288085938e+00
-9.631251096725463867e-01,-1.000891178846359253e-01,-1.522367745637893677e-01
-1.906227111816406250e+00,5.885538458824157715e-01,-1.080542922019958496e+00
-4.682901382446289062e+00,-4.494568705558776855e-01,-1.679972267150878906e+01
-2.626462936401367188e+00,4.963395297527313232e-01,-1.291139411926269531e+01
-1.894013404846191406e+00,1.242680568248033524e-02,-3.123452758789062500e+01
7.019525766372680664e-01,7.444285154342651367e-01,-3.309963607788085938e+01
-2.204620361328125000e+00,-4.324956238269805908e-01,-3.705194091796875000e+01
-1.625023126602172852e+00,8.020984530448913574e-01,-7.085409164428710938e+00
-1.702638149261474609e+00,-6.285811066627502441e-01,-3.564017868041992188e+01
-1.664888381958007812e+00,2.604883313179016113e-01,-3.424931049346923828e+00
-1.588071942329406738e+00,1.258481740951538086e-01,-1.043472409248352051e+00
-1.802682995796203613e+00,2.577583789825439453e-01,-7.403267621994018555e-01
-1.549166917800903320e+00,9.077085256576538086e-01,-1.014012098312377930e+00
-1.769439339637756348e+00,8.494422435760498047e-01,-1.170195579528808594e+00
-1.646905660629272461e+00,3.424018621444702148e-01,-1.256798505783081055e+00
5.668714642524719238e-01,1.455503225326538086e+00,-7.595036315917968750e+01
-1.752746343612670898e+00,1.826724112033843994e-01,-6.692016720771789551e-01
-3.009368181228637695e-01,2.229116857051849365e-01,-1.809610247611999512e+00
-1.779351592063903809e+00,3.685344755649566650e-01,-7.857676148414611816e-01
-2.739799022674560547e-01,1.621329337358474731e-01,-1.714229226112365723e+00
1.962175726890563965e+00,6.179037690162658691e-01,-inf
4.293863773345947266e+00,1.364869117736816406e+00,-inf
-2.955440580844879150e-01,2.747468352317810059e-01,-1.820976495742797852e+00
2.406932413578033447e-01,7.604840993881225586e-01,-5.991817951202392578e+00
4.963696599006652832e-01,8.334156870841979980e-01,-6.440774917602539062e+00
1.111096814274787903e-01,2.849642932415008545e-01,-5.067075252532958984e+00
4.966646432876586914e-01,5.097728967666625977e-01,-5.320717811584472656e+00
5.135484695434570312e+00,-3.795835077762603760e-01,-inf
2.213594675064086914e+00,1.565297126770019531e+00,-inf
2.022584676742553711e+00,7.230791449546813965e-01,-6.062839508056640625e+00
6.797856688499450684e-01,8.833638429641723633e-01,-6.410955905914306641e+00
5.931179523468017578e-01,6.459098458290100098e-01,-5.997618198394775391e+00
3.541026115417480469e-01,4.026653468608856201e-01,-4.989563465118408203e+00
-2.160008430480957031e+00,-8.519119024276733398e-02,-5.781543254852294922e-01
2.561575770378112793e-01,6.082649230957031250e-01,-6.263370513916015625e+00
1.828420996665954590e+00,-5.071185063570737839e-03,-7.033295154571533203e+00
1.369956016540527344e+00,2.761422395706176758e+00,-inf
2.676173448562622070e-01,1.593241691589355469e-01,-4.849686145782470703e+00
-4.208969771862030029e-01,1.712834358215332031e+00,-6.621672511100769043e-01
2.539884090423583984e+00,2.105270624160766602e+00,-inf
1.325587034225463867e+00,-1.475776135921478271e-01,-5.434591293334960938e+00
9.091063141822814941e-01,-6.642265319824218750e-01,-4.812092781066894531e+00
2.268896818161010742e+00,4.255653917789459229e-01,-6.362026214599609375e+00
9.253940582275390625e-01,-2.149115353822708130e-01,-4.900676727294921875e+00
5.730822682380676270e-01,8.615948557853698730e-01,-4.198393344879150391e+00
1.923535704612731934e+00,1.222830340266227722e-01,-5.422986030578613281e+00
1.331261277198791504e+00,-1.738256402313709259e-02,-4.982352733612060547e+00
1.789813876152038574e+00,1.447441339492797852e+00,-4.217106628417968750e+01
2.036362171173095703e+00,3.631647825241088867e-01,-6.133117198944091797e+00
1.591007828712463379e+00,2.821871936321258545e-01,-5.572239398956298828e+00
5.404929071664810181e-02,1.215893864631652832e+00,-3.251195526123046875e+01
-3.539620399475097656e+00,-1.023965477943420410e+00,-2.964011192321777344e+01
1.792303323745727539e+00,2.772570848464965820e-01,-5.385246753692626953e+00
1.179974555969238281e+00,9.668655693531036377e-02,-5.063937187194824219e+00
-2.346748113632202148e+00,-1.091506719589233398e+00,-3.558850479125976562e+01
2.933314085006713867e+00,3.244385242462158203e+00,-inf
1.669961333274841309e+00,2.611084282398223877e-01,-inf
-2.672732830047607422e+00,3.814960956573486328e+00,-5.643918609619140625e+01
-3.223631381988525391e+00,4.509856700897216797e+00,-4.928229522705078125e+01
7.413717508316040039e-01,2.842425368726253510e-02,-7.379646301269531250e+00
5.611605048179626465e-01,-2.052099406719207764e-01,-6.318218708038330078e+00
4.349058151245117188e+00,1.341964602470397949e+00,-inf
-8.345057964324951172e-01,3.325603008270263672e-01,-4.472472667694091797e+00
-5.321306228637695312e+00,1.508949041366577148e+00,-1.375591945648193359e+01
-1.288250684738159180e+00,9.163734316825866699e-02,-7.422338128089904785e-01
-4.679211139678955078e+00,-1.568745970726013184e-01,-1.013749408721923828e+01
2.513037204742431641e+00,3.549804687500000000e+00,-inf
-4.431028068065643311e-01,9.746056795120239258e-01,-7.083216190338134766e+00
-1.766866683959960938e+00,1.519003152847290039e+00,-3.413964807987213135e-01
-5.487616539001464844e+00,9.381202608346939087e-02,-1.363888168334960938e+01
-2.391415119171142578e+00,8.961924165487289429e-02,-7.184446454048156738e-01
-3.861549377441406250e+00,3.236534893512725830e-01,-3.707469940185546875e+01
-2.863330364227294922e+00,2.708124399185180664e+00,-3.235752487182617188e+01
-3.087524414062500000e+00,4.188099861145019531e+00,-5.338984298706054688e+01
-2.558596134185791016e+00,-2.884161174297332764e-01,-3.499536895751953125e+01
1.833640336990356445e-01,3.983753025531768799e-01,-6.173697471618652344e+00
-4.582132339477539062e+00,1.040341615676879883e+00,-3.869536209106445312e+01
-6.938479840755462646e-02,4.776285588741302490e-01,-6.477827072143554688e+00
-4.769179821014404297e+00,-3.422897160053253174e-01,-2.040879631042480469e+01
-3.367327928543090820e+00,1.312199711799621582e+00,-3.883383560180664062e+01
-2.774406433105468750e+00,-7.460020780563354492e-01,-1.623866653442382812e+01
3.988244533538818359e-01,7.061824798583984375e-01,-6.431628227233886719e+00
-3.335977315902709961e+00,-3.930232524871826172e-01,-1.798886108398437500e+01
-2.960167884826660156e+00,-2.173591256141662598e-01,-1.361617946624755859e+01
-4.952849820256233215e-02,4.645648598670959473e-01,-4.546549224853515625e+01
-2.937911748886108398e+00,-4.121672511100769043e-01,-1.672421264648437500e+01
-1.446580700576305389e-02,1.915302515029907227e+00,-4.011996078491210938e+01
9.203221648931503296e-02,4.808460474014282227e-01,-6.098921298980712891e+00
6.572675704956054688e-02,9.399194121360778809e-01,-6.035819053649902344e+00
1.353256963193416595e-02,9.326030313968658447e-02,-5.140783309936523438e+00
2.840943932533264160e-01,8.661220073699951172e-01,-6.486037731170654297e+00
3.539041280746459961e-01,6.709498167037963867e-01,-6.546193122863769531e+00
2.985822558403015137e-01,5.171322822570800781e-01,-5.479939460754394531e+00
1.576646417379379272e-01,2.681389749050140381e-01,-5.032784938812255859e+00
-2.680842399597167969e+00,4.086163341999053955e-01,-3.976886749267578125e+01
-3.737012147903442383e+00,5.144916534423828125e+00,-inf
-4.223417937755584717e-01,-6.523558497428894043e-02,-5.191514492034912109e+00
7.031135559082031250e-01,4.591058194637298584e-01,-5.924992561340332031e+00
-1.787346601486206055e+00,1.745257973670959473e-01,-5.873817205429077148e-01
2.694182991981506348e-01,7.349697351455688477e-01,-6.018381118774414062e+00
3.478124141693115234e-01,8.569223284721374512e-01,-6.564308643341064453e+00
1.905149698257446289e+00,2.364044785499572754e-01,-6.287765979766845703e+00
3.742246627807617188e-01,7.828590869903564453e-01,-6.609885215759277344e+00
1.177795380353927612e-01,5.091502666473388672e-01,-6.122509002685546875e+00
-4.179916083812713623e-01,3.977186083793640137e-01,-6.162783145904541016e+00
7.504714727401733398e-01,8.835110664367675781e-01,-6.101365566253662109e+00
5.733550190925598145e-01,8.084789514541625977e-01,-6.413890361785888672e+00
4.142278432846069336e-01,7.307199239730834961e-01,-5.898905277252197266e+00
3.536647856235504150e-01,5.058914422988891602e-01,-6.229602813720703125e+00
-1.533193290233612061e-01,9.581833481788635254e-01,-6.645266056060791016e+00
1.038312673568725586e+00,8.232851624488830566e-01,-6.314171791076660156e+00
-8.164601027965545654e-02,7.661659121513366699e-01,-6.406145095825195312e+00
9.321264922618865967e-03,8.004938364028930664e-01,-6.580206871032714844e+00
-1.997226290404796600e-02,4.505752921104431152e-01,-6.449623107910156250e+00
1.161711573600769043e+00,6.124914065003395081e-02,-5.039841651916503906e+00
2.345664948225021362e-01,4.248824417591094971e-01,-5.549083232879638672e+00
-4.305695369839668274e-02,1.710253357887268066e-01,-5.554356098175048828e+00
-7.305821776390075684e-02,2.415220141410827637e-01,-5.235797882080078125e+00
-3.654742538928985596e-01,-7.019419968128204346e-02,-5.073633670806884766e+00
9.716521948575973511e-02,4.707854986190795898e-01,-6.309813022613525391e+00
7.954689115285873413e-02,3.085580766201019287e-01,-5.904727458953857422e+00
1.197897791862487793e-01,7.194857001304626465e-01,-6.489464282989501953e+00
1.899497359991073608e-01,7.634072899818420410e-01,-5.997589111328125000e+00
4.974272847175598145e-01,5.326279997825622559e-01,-5.693570613861083984e+00
1.392404735088348389e-01,8.014975786209106445e-01,-6.511775970458984375e+00
6.335536241531372070e-01,6.852092742919921875e-01,-6.518516540527343750e+00
7.119282484054565430e-01,4.088926911354064941e-01,-6.268145561218261719e+00
3.779330551624298096e-01,8.548392653465270996e-01,-6.194806575775146484e+00
-3.491806983947753906e-02,3.876454830169677734e-01,-4.101500511169433594e+00
2.402226030826568604e-01,7.695528864860534668e-01,-6.530758380889892578e+00
3.793497979640960693e-01,6.539645791053771973e-01,-6.524059772491455078e+00
1.772692918777465820e+00,-4.792113900184631348e-01,-7.167379379272460938e+00
6.042426228523254395e-01,8.073811531066894531e-01,-6.875952243804931641e+00
7.411775588989257812e-01,8.029929399490356445e-01,-6.888793468475341797e+00
6.555173993110656738e-01,9.610547423362731934e-01,-7.408713340759277344e+00
5.173594355583190918e-01,8.977148532867431641e-01,-5.716365814208984375e+00
1.394425928592681885e-01,5.255032777786254883e-01,-6.102408409118652344e+00
-7.154395580291748047e-01,2.019802480936050415e-02,-3.692028522491455078e+00
-6.402083635330200195e-01,-1.424796432256698608e-01,-3.622482538223266602e+00
-7.683774232864379883e-01,-6.483210623264312744e-02,-3.662186622619628906e+00
6.530002355575561523e-01,9.104839563369750977e-01,-6.268058776855468750e+00
1.900661706924438477e+00,9.365247189998626709e-02,-5.297729969024658203e+00
-1.782780170440673828e+00,-3.741486072540283203e-01,-3.921456813812255859e+00
-6.020298004150390625e-01,-5.135241150856018066e-02,-3.685413122177124023e+00
-6.767984628677368164e-01,1.532931923866271973e-01,-3.750814676284790039e+00
3.280548751354217529e-01,4.990344047546386719e-01,-6.074747085571289062e+00
-1.513480842113494873e-01,2.039920836687088013e-01,-4.397007942199707031e+00
8.982445299625396729e-02,6.143128871917724609e-01,-6.287290096282958984e+00
9.744491577148437500e-01,5.564993619918823242e-01,-6.364554405212402344e+00
-7.514063715934753418e-01,6.019885465502738953e-02,-3.372776985168457031e+00
1.147255659103393555e+00,2.658794820308685303e-01,-5.392020225524902344e+00
2.780550718307495117e-01,8.150941729545593262e-01,-6.215115070343017578e+00
1.932976394891738892e-01,4.424037635326385498e-01,-5.251506328582763672e+00
5.173851847648620605e-01,8.750674724578857422e-01,-6.048154830932617188e+00
9.634115546941757202e-02,5.863211154937744141e-01,-6.110868930816650391e+00
3.957636952400207520e-01,9.291734695434570312e-01,-5.939405441284179688e+00
-3.576625883579254150e-01,3.163138329982757568e-01,-4.377150058746337891e+00
3.020932674407958984e-01,8.212927579879760742e-01,-6.566366672515869141e+00
1.296602785587310791e-01,1.117985486984252930e+00,-6.336340427398681641e+00
1.099762082099914551e+00,6.110380291938781738e-01,-5.967735767364501953e+00
-1.600334644317626953e-01,4.185238778591156006e-01,-4.302962303161621094e+00
-1.661618590354919434e+00,8.113480806350708008e-01,-8.519579172134399414e-01
1.235487341880798340e+00,1.221313327550888062e-01,-5.273159503936767578e+00
1.675830841064453125e+00,2.563332617282867432e-01,-4.438228130340576172e+00
-3.575778007507324219e-01,-3.516702353954315186e-01,-7.430447101593017578e+00
1.044170379638671875e+00,8.718013763427734375e-01,-7.063879013061523438e+00
-9.996925592422485352e-01,5.385504961013793945e-01,-4.297694563865661621e-01
2.730954289436340332e-01,7.436192035675048828e-01,-6.636933326721191406e+00
6.028919015079736710e-03,8.928543329238891602e-01,-6.661242961883544922e+00
3.472097218036651611e-01,6.380896568298339844e-01,-6.537305355072021484e+00
8.628263473510742188e-01,-5.437400937080383301e-01,-4.933900356292724609e+00
9.750617742538452148e-01,4.784639477729797363e-01,-6.235828876495361328e+00
1.056593537330627441e+00,6.701627969741821289e-01,-6.249432086944580078e+00
2.251722812652587891e+00,4.581734240055084229e-01,-6.430021762847900391e+00
7.489362359046936035e-01,6.403907537460327148e-01,-4.004891872406005859e+00
1.173517778515815735e-01,4.967464804649353027e-01,-6.297192573547363281e+00
-1.449543088674545288e-01,6.643992066383361816e-01,-6.652945041656494141e+00
4.092577397823333740e-01,8.601976037025451660e-01,-6.561724662780761719e+00
8.083369135856628418e-01,5.151159167289733887e-01,-6.494493961334228516e+00
-2.189800441265106201e-01,5.260204076766967773e-01,-6.818984985351562500e+00
6.312115788459777832e-01,1.328204870223999023e+00,-4.647825241088867188e+00
5.546717643737792969e-01,7.527207732200622559e-01,-7.215975761413574219e+00
6.917396783828735352e-01,1.144263982772827148e+00,-6.700209140777587891e+00
-1.318600893020629883e+00,7.299681007862091064e-02,-5.955893039703369141e+00
8.163695456460118294e-04,3.696329295635223389e-01,-4.193564414978027344e+00
1.527039706707000732e-01,2.488981336355209351e-01,-5.043322563171386719e+00
1.967401504516601562e+00,5.028077960014343262e-01,-6.378562927246093750e+00
2.730806469917297363e-01,5.157437324523925781e-01,-5.987052440643310547e+00
3.619713336229324341e-02,9.120603799819946289e-01,-6.490565776824951172e+00
5.487855672836303711e-01,9.187860488891601562e-01,-6.081552505493164062e+00
1.501774430274963379e+00,5.773706436157226562e-01,-5.920154094696044922e+00
-1.502269029617309570e+00,4.192050099372863770e-01,-7.970562458038330078e+00
1.764701843261718750e+00,-7.232620567083358765e-02,-6.314992427825927734e+00
-1.088844090700149536e-01,7.341662049293518066e-01,-6.165214538574218750e+00
2.981912791728973389e-01,8.651137948036193848e-01,-6.147981166839599609e+00
-7.347595095634460449e-01,2.768556177616119385e-01,-1.040587902069091797e+01
8.152359724044799805e-01,8.594392538070678711e-01,-6.880630016326904297e+00
-3.813647627830505371e-01,8.336502909660339355e-01,-7.034347057342529297e+00
1.844330072402954102e+00,5.437662601470947266e-01,-6.124891757965087891e+00
-1.226892352104187012e+00,-1.697004139423370361e-01,-4.794006943702697754e-01
-1.717466831207275391e+00,5.845331549644470215e-01,-8.165248036384582520e-01
-1.774580001831054688e+00,2.313673198223114014e-01,-7.690827250480651855e-01
-1.236078262329101562e+00,-1.422819197177886963e-01,-5.766772627830505371e-01
-1.816072702407836914e+00,7.342572808265686035e-01,-1.011602401733398438e+00
2.617952525615692139e-01,4.513879716396331787e-01,-5.456165790557861328e+00
1.122739195823669434e+00,6.044340878725051880e-02,-5.182574272155761719e+00
5.163190364837646484e-01,8.260970115661621094e-01,-6.364422321319580078e+00
9.021350145339965820e-01,5.820953845977783203e-01,-6.281086921691894531e+00
-1.388824582099914551e+00,-2.822288274765014648e-01,-1.063912510871887207e+00
-1.621267795562744141e+00,8.387916088104248047e-01,-8.991411924362182617e-01
6.998621821403503418e-01,8.910236954689025879e-01,-6.365478038787841797e+00
-2.842688187956809998e-02,7.526430487632751465e-01,-6.024665832519531250e+00
9.573479294776916504e-01,5.158563256263732910e-01,-6.397480010986328125e+00
2.432300746440887451e-01,2.706895470619201660e-01,-4.471616744995117188e+00
-7.514680922031402588e-02,2.009300887584686279e-01,-5.283015251159667969e+00
5.422937870025634766e-01,8.588358163833618164e-01,-6.311768054962158203e+00
4.323590695858001709e-01,1.001082301139831543e+00,-6.204376697540283203e+00
3.674810230731964111e-01,8.612031936645507812e-01,-6.333696365356445312e+00
-1.742205262184143066e+00,9.177703261375427246e-01,-1.256959319114685059e+00
-2.104285240173339844e+00,2.821508981287479401e-02,-8.985047340393066406e-01
-1.710654497146606445e+00,1.095918655395507812e+00,-1.223651409149169922e+00
1.622010111808776855e+00,7.139436602592468262e-01,-5.598075389862060547e+00
1.454192519187927246e+00,5.295806527137756348e-01,-4.824407100677490234e+00
4.191270768642425537e-01,9.509366750717163086e-01,-6.252481937408447266e+00
-4.947823286056518555e-01,2.091727405786514282e-01,-3.831962585449218750e+00
-1.080682054162025452e-01,2.970783710479736328e-01,-6.496846199035644531e+00
1.137881800532341003e-01,5.848172307014465332e-02,-1.270084738731384277e+00
9.874089807271957397e-02,-1.670486479997634888e-01,-6.294445037841796875e+00
1.010561287403106689e-01,6.455287337303161621e-01,-5.996003150939941406e+00
-9.467633813619613647e-02,4.951144754886627197e-01,-5.136053085327148438e+00
1.057542800903320312e+00,5.541372895240783691e-01,-6.313575744628906250e+00
3.749302864074707031e+00,-3.035280406475067139e-01,-inf
2.007587671279907227e+00,-1.639456748962402344e+00,-inf
-1.989778280258178711e+00,4.766190648078918457e-01,-1.494544625282287598e+00
-2.262966871261596680e+00,7.561995834112167358e-02,-1.309811711311340332e+00
-1.797152042388916016e+00,6.565750837326049805e-01,-1.363225936889648438e+00
-2.069928407669067383e+00,7.245001196861267090e-01,-1.498586893081665039e+00
5.390124917030334473e-01,4.128991067409515381e-02,-5.602442741394042969e+00
3.102709352970123291e-01,4.979200959205627441e-01,-6.069399356842041016e+00
3.607467114925384521e-01,3.061917722225189209e-01,-5.526916027069091797e+00
-1.834496498107910156e+00,8.975563049316406250e-01,-1.367920041084289551e+00
-1.980906724929809570e+00,5.931254625320434570e-01,-1.576100468635559082e+00
-1.698492527008056641e+00,8.175308108329772949e-01,-9.895361661911010742e-01
2.608823776245117188e-01,5.861935615539550781e-01,-6.392419815063476562e+00
-1.729688644409179688e+00,5.544819831848144531e-01,-1.334213256835937500e+00
2.707667350769042969e-01,-1.082651838660240173e-01,-6.836428165435791016e+00
-2.311387360095977783e-01,4.926102757453918457e-01,-4.875326156616210938e+00
4.607472419738769531e-01,7.190857529640197754e-01,-6.368154048919677734e+00
1.924554109573364258e-01,8.103354573249816895e-01,-7.866336822509765625e+00
-6.613522768020629883e-02,8.840460777282714844e-01,-6.109495162963867188e+00
7.634583711624145508e-01,9.205374717712402344e-01,-6.345434188842773438e+00
-2.333082258701324463e-03,2.416538447141647339e-01,-4.626817703247070312e+00
4.182313382625579834e-01,8.904076814651489258e-01,-7.714972019195556641e+00
-1.738499879837036133e+00,3.429357707500457764e-01,-1.149730801582336426e+00
6.232395172119140625e-01,7.896963953971862793e-01,-6.249410152435302734e+00
-4.182395935058593750e+00,-1.053389191627502441e+00,-3.066264343261718750e+01
1.068359762430191040e-01,7.882106900215148926e-01,-6.907323837280273438e+00
-1.761875152587890625e-01,-4.632720351219177246e-01,-3.960815906524658203e+00
-2.584118843078613281e+00,3.997782617807388306e-02,-1.187044858932495117e+00
8.003014922142028809e-01,8.426628708839416504e-01,-6.121470451354980469e+00
1.927396059036254883e+00,1.413754373788833618e-01,-5.389972686767578125e+00
2.053473472595214844e+00,3.312022686004638672e-01,-6.232833862304687500e+00
-1.114331722259521484e+00,-8.033441752195358276e-02,-4.265930950641632080e-01
2.083905339241027832e-01,1.014503002166748047e+00,-6.395032882690429688e+00
3.120699524879455566e-01,1.000810265541076660e+00,-6.219639778137207031e+00
1.770618557929992676e-02,5.166426897048950195e-01,-6.416715145111083984e+00
-1.744261264801025391e+00,4.445843696594238281e-01,-8.892764449119567871e-01
1.824430704116821289e+00,-2.043156176805496216e-01,-7.529728412628173828e+00
-9.620446711778640747e-02,1.107016801834106445e-01,-5.211748123168945312e+00
1.644586324691772461e-01,9.541950225830078125e-01,-6.837953567504882812e+00
1.269405126571655273e+00,6.003063321113586426e-01,-7.192184448242187500e+00
-1.335756033658981323e-01,7.097793221473693848e-01,-6.322734832763671875e+00
2.290920019149780273e-01,2.827252149581909180e+00,-3.648221015930175781e+00
-9.398845434188842773e-01,4.684159159660339355e-02,-2.675048261880874634e-02
-2.189350366592407227e+00,1.731481254100799561e-01,-3.755277395248413086e-01
-3.406764566898345947e-02,1.232534408569335938e+00,-1.855394935607910156e+01
9.542376548051834106e-02,4.013745486736297607e-01,-5.363535881042480469e+00
-2.525469541549682617e+00,1.292631328105926514e-01,-3.071427106857299805e+00
-1.231180310249328613e+00,6.385350227355957031e-01,-2.941251516342163086e+00
3.802970796823501587e-02,5.087906122207641602e-01,-6.352142333984375000e+00
-6.840321421623229980e-02,5.343420505523681641e-01,-5.146357536315917969e+00
6.050412058830261230e-01,1.309838797897100449e-02,-5.953362941741943359e+00
1.908083558082580566e-01,4.813447296619415283e-01,-6.467811584472656250e+00
1.591964275576174259e-03,3.334891796112060547e-01,-3.495686054229736328e+00
2.238922864198684692e-01,1.013475418090820312e+00,-6.358628749847412109e+00
-1.696000099182128906e+00,-1.705707907676696777e-01,-5.093951225280761719e-01
-8.030939102172851562e-01,-4.054867848753929138e-02,-inf
3.550720214843750000e-01,7.217672467231750488e-01,-7.105212688446044922e+00
-5.266689658164978027e-01,1.422186493873596191e-01,-4.446907043457031250e-01
3.867824003100395203e-02,8.225348591804504395e-01,-6.439214706420898438e+00
-6.597591638565063477e-01,-3.752424567937850952e-02,-4.694025039672851562e+00
-3.975280821323394775e-01,2.838676273822784424e-01,-4.402514100074768066e-01
-4.015360474586486816e-01,2.200113683938980103e-01,-4.528913795948028564e-01
1.387620091438293457e+00,4.734546840190887451e-01,-4.722990036010742188e+00
-5.877214670181274414e-01,4.236617311835289001e-02,-1.068206071853637695e+00
-7.455454021692276001e-02,8.079329729080200195e-01,-6.126642704010009766e+00
1.581881791353225708e-01,6.010364890098571777e-01,-6.082476615905761719e+00
6.809210777282714844e-01,8.179493546485900879e-01,-7.989913463592529297e+00
4.096866026520729065e-02,8.628758192062377930e-01,-6.462476730346679688e+00
6.531839966773986816e-01,8.310074210166931152e-01,-7.908987045288085938e+00
1.751951724290847778e-01,2.115050554275512695e-01,-5.104305267333984375e+00
-1.489773243665695190e-01,3.285411894321441650e-01,-3.468067407608032227e+00
-5.433796346187591553e-02,6.619357466697692871e-01,-6.155923366546630859e+00
5.953323245048522949e-01,4.197252988815307617e-01,-5.997183322906494141e+00
3.990888297557830811e-01,8.540596365928649902e-01,-6.501338481903076172e+00
8.673844337463378906e-01,1.727792024612426758e-01,-5.716869831085205078e+00
1.204444840550422668e-01,7.762647867202758789e-01,-6.355832576751708984e+00
1.524088501930236816e+00,8.281542062759399414e-01,-6.593660354614257812e+00
-1.572863578796386719e+00,-6.417123079299926758e-01,-6.750524640083312988e-01
1.242949888110160828e-01,7.942242026329040527e-01,-6.110250473022460938e+00
-2.591419219970703125e+00,-2.869739830493927002e-01,-1.084544181823730469e+00
4.211619198322296143e-01,1.694721356034278870e-02,-5.945704460144042969e+00
2.344197779893875122e-01,2.227803226560354233e-03,-6.063553333282470703e+00
-7.627114653587341309e-03,-9.199752658605575562e-02,-5.278243541717529297e+00
-4.586403667926788330e-01,-6.867341697216033936e-02,-5.212637424468994141e+00
-2.073703855276107788e-01,2.355670183897018433e-01,-6.236704349517822266e+00
1.648989915847778320e+00,-7.481800317764282227e-01,-5.091938972473144531e+00
6.181701272726058960e-02,5.313837528228759766e-01,-6.116389751434326172e+00
4.058698192238807678e-02,3.075764775276184082e-01,-5.249099254608154297e+00
-1.812314748764038086e+00,5.525808334350585938e-01,-1.085801005363464355e+00
-1.828464031219482422e+00,5.313181281089782715e-01,-6.681270003318786621e-01
5.077310800552368164e-01,3.722088575363159180e+00,-3.806036710739135742e+00
1.087844893336296082e-01,4.720125198364257812e-01,-6.401556491851806641e+00
-2.846465349197387695e+00,7.364543527364730835e-02,-2.112429857254028320e+00
-9.875543117523193359e-01,4.679723978042602539e-01,-6.112881302833557129e-01
6.723573803901672363e-01,2.535092115402221680e+00,-3.622769117355346680e+00
-7.327767610549926758e-01,-2.102248072624206543e-01,-1.388478994369506836e+00
-1.849409818649291992e+00,2.869187295436859131e-01,-1.198282241821289062e+00
2.016225576400756836e+00,7.498575448989868164e-01,-6.179407119750976562e+00
1.008188351988792419e-01,7.260113954544067383e-01,-6.378978729248046875e+00
-5.511388778686523438e-01,-6.449889540672302246e-01,-1.828550720214843750e+01
2.020784914493560791e-01,6.192519068717956543e-01,-6.023736000061035156e+00
1.306143641471862793e+00,-2.559487223625183105e-01,-5.426425457000732422e+00
-5.408399105072021484e-01,1.097214698791503906e+00,-2.871668338775634766e+00
-1.734049081802368164e+00,1.624087244272232056e-01,-5.114807486534118652e-01
2.385922372341156006e-01,7.207517027854919434e-01,-6.474867343902587891e+00
2.614614963531494141e-01,3.447414636611938477e-01,-6.105004310607910156e+00
-1.045254826545715332e+00,1.274730563163757324e-01,1.439026184380054474e-02
7.322772592306137085e-02,4.671590030193328857e-01,-5.627348423004150391e+00
2.689863443374633789e-01,6.485618948936462402e-01,-5.148221969604492188e+00
1.140538975596427917e-01,5.253646373748779297e-01,-6.275578975677490234e+00
5.586054325103759766e-01,1.075001001358032227e+00,-6.366837024688720703e+00
3.193888366222381592e-01,7.565694451332092285e-01,-6.533669471740722656e+00
-1.865601778030395508e+00,-6.325719412416219711e-03,-8.099617958068847656e-01
1.146830320358276367e-01,4.533699750900268555e-01,-6.248034954071044922e+00
3.243374109268188477e+00,9.787636995315551758e-01,-inf
2.718899726867675781e+00,9.798376560211181641e-01,-inf
-1.598038792610168457e+00,-6.964166462421417236e-02,-1.292746663093566895e+00
1.542491465806961060e-01,7.655356526374816895e-01,-6.480244636535644531e+00
-1.816388845443725586e+00,6.901969313621520996e-01,-9.721521735191345215e-01
1.681839227676391602e+00,-3.613601326942443848e-01,-7.196768283843994141e+00
-1.203201889991760254e+00,-2.572314441204071045e-01,-6.959545612335205078e-01
-1.789695739746093750e+00,7.738686203956604004e-01,-7.000467181205749512e-01
-1.548395872116088867e+00,-6.319696456193923950e-02,-1.199084162712097168e+00
8.318769335746765137e-01,4.153418540954589844e-01,-5.138096332550048828e+00
1.192103266716003418e+00,3.853542208671569824e-01,-7.421206474304199219e+00
8.529843688011169434e-01,4.440285563468933105e-01,-8.929159164428710938e+00
-1.593663692474365234e-01,6.232623457908630371e-01,-6.254050254821777344e+00
-1.728519678115844727e+00,1.063355207443237305e+00,-1.159204840660095215e+00
2.339195013046264648e-01,4.701689481735229492e-01,-5.284599304199218750e+00
4.479885399341583252e-01,3.559068143367767334e-01,-7.751828670501708984e+00
-8.095274120569229126e-02,2.034601867198944092e-01,-4.136209011077880859e+00
-1.950462937355041504e+00,5.292911455035209656e-02,-3.917534649372100830e-01
-1.875367164611816406e+00,1.528567224740982056e-01,-7.583738565444946289e-01
-2.421654701232910156e+00,1.115267947316169739e-01,-5.729042291641235352e-01
1.476640462875366211e+00,5.996356159448623657e-02,-5.839919090270996094e+00
4.395649582147598267e-02,4.396432936191558838e-01,-4.507503986358642578e+00
-1.892111301422119141e+00,2.733677327632904053e-01,-7.630220055580139160e-01
-1.676893949508666992e+00,3.863997757434844971e-01,-5.001692175865173340e-01
-1.181313991546630859e+00,3.684742748737335205e-01,-4.629283249378204346e-01
-1.630374670028686523e+00,4.026174545288085938e-01,-3.621333539485931396e-01
3.504987657070159912e-01,9.942707419395446777e-01,-7.854043006896972656e+00
-1.653290748596191406e+00,1.098436266183853149e-01,-5.816456675529479980e-01
-5.336724519729614258e-01,-8.979744464159011841e-02,-2.581433057785034180e+00
-1.276482462882995605e+00,-2.728669643402099609e-01,-1.446845173835754395e+00
-1.781682252883911133e+00,4.817446470260620117e-01,-6.467917561531066895e-01
-4.851529598236083984e-01,9.450876712799072266e-01,-4.245843887329101562e+00
-4.177451133728027344e-01,8.777002692222595215e-01,-3.547736644744873047e+00
-1.877347707748413086e+00,-1.322879642248153687e-01,-7.205294370651245117e-01
2.923460006713867188e+00,3.826760649681091309e-01,-8.141551971435546875e+00
2.117773056030273438e+00,1.722518727183341980e-02,-7.353184700012207031e+00
-6.041594147682189941e-01,2.018377184867858887e-02,-4.328862726688385010e-01
-7.112822532653808594e-01,5.263766050338745117e-01,-2.398231983184814453e+00
6.668085455894470215e-01,6.657046675682067871e-01,-4.496142864227294922e+00
1.692899942398071289e+00,1.195666193962097168e-01,-7.418701171875000000e+00
3.761166334152221680e-02,2.175724357366561890e-01,-4.244751453399658203e+00
-3.060222864151000977e-01,1.409019231796264648e+00,-3.218012571334838867e+00
-1.640597134828567505e-01,-1.496462374925613403e-01,-2.029256224632263184e-01
-4.907719492912292480e-01,9.156678915023803711e-01,-4.294417858123779297e+00
-1.884585022926330566e+00,2.518664002418518066e-01,-7.849313616752624512e-01
-3.682773113250732422e-01,1.272725701332092285e+00,-3.416177988052368164e+00
-5.476273894309997559e-01,2.421067655086517334e-01,-1.454159498214721680e+00
-6.119202375411987305e-01,1.351255625486373901e-01,-1.392679572105407715e+00
-5.974837541580200195e-01,2.876003682613372803e-01,-1.478290915489196777e+00
-5.379190444946289062e-01,2.363986521959304810e-01,-1.769679427146911621e+00
-8.900651335716247559e-01,3.345427513122558594e-01,-1.526974916458129883e+00
-5.468885898590087891e-01,2.120509147644042969e-01,-1.436585187911987305e+00
-5.634647011756896973e-01,1.606957316398620605e-01,-1.369950890541076660e+00
-5.143245458602905273e-01,1.581332236528396606e-01,-1.398818850517272949e+00
-8.535514473915100098e-01,7.083740830421447754e-01,-4.378274083137512207e-01
-6.086267232894897461e-01,4.689912796020507812e-01,-1.369604349136352539e+00
-6.618123650550842285e-01,6.293085962533950806e-02,-1.273151636123657227e+00
-2.166512906551361084e-01,3.451822698116302490e-01,-1.554939150810241699e+00
-6.094031929969787598e-01,6.276349723339080811e-02,-4.632043361663818359e+00
-5.808995366096496582e-01,2.646563649177551270e-01,-1.449538946151733398e+00
-5.256621837615966797e-01,3.467650711536407471e-01,-1.482115507125854492e+00
-2.759358584880828857e-01,-1.474471986293792725e-01,-6.044043064117431641e+00
2.286266803741455078e+00,9.759326577186584473e-01,-6.783013820648193359e+00
4.369399547576904297e-01,8.614780902862548828e-01,-5.977155685424804688e+00
4.167836308479309082e-01,8.998624086380004883e-01,-6.433821678161621094e+00
-3.996396958827972412e-01,3.740313947200775146e-01,-3.728099107742309570e+00
2.857628464698791504e-01,7.858116626739501953e-01,-5.949512481689453125e+00
2.860322952270507812e+00,3.638443052768707275e-01,-8.033768653869628906e+00
6.820499897003173828e-01,7.143577933311462402e-01,-8.317431449890136719e+00
-2.485294103622436523e+00,3.738123178482055664e+00,-3.851980209350585938e+01
2.968894541263580322e-01,4.385718703269958496e-01,-5.196718692779541016e+00
-1.376236319541931152e+00,-1.451052874326705933e-01,-4.388677775859832764e-01
6.810824275016784668e-01,3.618298470973968506e-01,-6.154708385467529297e+00
-1.133720993995666504e+00,-1.241411268711090088e-01,-4.496030807495117188e-01
-1.150401458144187927e-01,3.069317936897277832e-01,-5.245330810546875000e+00
-7.034432291984558105e-01,-8.514101803302764893e-02,-1.830818295478820801e+00
-1.305827736854553223e+00,-3.014586567878723145e-01,-4.256159365177154541e-01
-4.477831125259399414e-01,4.969353079795837402e-01,-6.127605915069580078e+00
2.086015045642852783e-01,-4.220915958285331726e-02,-7.353058815002441406e+00
3.860954046249389648e-01,7.069380879402160645e-01,-7.453064918518066406e+00
-1.908374577760696411e-01,-2.177417278289794922e-01,-6.887818336486816406e+00
4.430399537086486816e-01,6.232670545578002930e-01,-5.868706226348876953e+00
-6.586651802062988281e-01,7.528426051139831543e-01,-5.808282852172851562e+00
-1.755494236946105957e+00,5.785333365201950073e-02,-5.922606587409973145e-01
4.935798346996307373e-01,6.043410301208496094e-01,-7.578858852386474609e+00
-1.466739177703857422e+00,-8.342836797237396240e-02,-1.090763658285140991e-01
9.420678615570068359e-01,1.437734961509704590e-01,-6.606885433197021484e+00
-1.539093375205993652e+00,-4.323494061827659607e-02,-7.519657015800476074e-01
7.945792675018310547e-01,1.087284803390502930e+00,-5.315406322479248047e+00
-1.904294490814208984e+00,1.842007488012313843e-01,-1.356921434402465820e+00
8.093131780624389648e-01,3.096635937690734863e-01,-2.462094783782958984e+00
-2.362780719995498657e-01,-4.011098667979240417e-02,-4.755720615386962891e+00
-7.207435965538024902e-01,1.092993259429931641e+00,-6.672669410705566406e+00
-7.135360240936279297e-01,6.150957345962524414e-01,-3.476502895355224609e-01
-6.183822154998779297e-01,1.423384994268417358e-01,-6.473738551139831543e-01
-1.072939395904541016e+00,1.268109679222106934e-01,2.276419289410114288e-02
3.920166492462158203e-01,4.772953391075134277e-01,-7.213334083557128906e+00
-1.935364723205566406e+00,3.934148326516151428e-02,-6.637448668479919434e-01
5.276717662811279297e+00,-7.012294292449951172e+00,-inf
-2.182981967926025391e+00,-7.335007190704345703e-01,-4.753169536590576172e+00
-8.962019085884094238e-01,5.653668195009231567e-02,-3.423697054386138916e-01
-8.713933825492858887e-01,-3.536629723384976387e-03,-6.531342864036560059e-01
3.340627551078796387e-01,2.777981162071228027e-01,-5.138431549072265625e+00
7.094060182571411133e-01,8.365107178688049316e-01,-8.755853652954101562e+00
8.112699985504150391e-01,5.681463479995727539e-01,-7.497209548950195312e+00
6.601539254188537598e-01,6.131215691566467285e-01,-7.305345535278320312e+00
5.036012530326843262e-01,4.283944368362426758e-01,-7.427982330322265625e+00
1.341448307037353516e+00,2.352363467216491699e-01,-8.530640602111816406e+00
8.489553332328796387e-01,2.932883501052856445e-01,-7.209113597869873047e+00
7.541545629501342773e-01,2.758441448211669922e+00,-4.136825561523437500e+00
5.809225082397460938e+00,-3.804321885108947754e-01,-inf
1.833727717399597168e+00,1.886599421501159668e+00,-inf
-1.315558999776840210e-01,1.741755723953247070e+00,-3.971884727478027344e+00
1.909669280052185059e+00,9.638419151306152344e-01,-inf
3.741436004638671875e+00,1.647051930427551270e+00,-inf
-4.739781320095062256e-01,9.858887791633605957e-01,-5.032287120819091797e+00
-4.312797188758850098e-01,9.717906713485717773e-01,-4.274887561798095703e+00
-5.314231514930725098e-01,7.870001196861267090e-01,-4.922439098358154297e+00
6.232554435729980469e+00,1.100072574615478516e+01,-inf
-9.956197738647460938e-01,-1.284725666046142578e-01,-3.864980697631835938e+00
4.859152793884277344e+00,5.580275058746337891e+00,-inf
4.309262275695800781e+00,5.642439365386962891e+00,-inf
-5.875676870346069336e-01,4.606610536575317383e-01,-3.406525611877441406e+00
-5.361558794975280762e-01,6.189316511154174805e-01,-4.065568923950195312e+00
-5.847322940826416016e-01,8.182908296585083008e-01,-3.817415714263916016e+00
-1.990451097488403320e+00,8.304505795240402222e-02,-4.928247630596160889e-01
5.396781921386718750e+00,6.455231189727783203e+00,-inf
3.991077423095703125e+00,4.528310298919677734e+00,-inf
-4.250929057598114014e-01,1.022248029708862305e+00,-4.251239299774169922e+00
-5.119304656982421875e-01,8.856517076492309570e-01,-4.231202602386474609e+00
4.970552921295166016e+00,1.044518756866455078e+01,-inf
-5.224431157112121582e-01,8.360568881034851074e-01,-4.028650760650634766e+00
-4.907517135143280029e-01,6.796740889549255371e-01,-4.719202041625976562e+00
3.457519054412841797e+00,4.871739864349365234e+00,-inf
-5.552339553833007812e-01,3.611417114734649658e-01,-3.948101520538330078e+00
-4.951933026313781738e-01,9.034984111785888672e-01,-4.032368659973144531e+00
-4.284236431121826172e-01,8.449268937110900879e-01,-3.576624155044555664e+00
-2.923414409160614014e-01,9.111034274101257324e-01,-2.377143621444702148e+00
-5.143991708755493164e-01,6.352158784866333008e-01,-3.386995553970336914e+00
-5.342280864715576172e-01,4.621358811855316162e-01,-3.326128482818603516e+00
-1.872878223657608032e-01,1.295596837997436523e+00,-4.060890197753906250e+00
1.049022302031517029e-01,1.701045036315917969e+00,-4.433230400085449219e+00
3.864396095275878906e+00,3.968627929687500000e+00,-inf
6.054003238677978516e+00,6.257473945617675781e+00,-inf
-2.907342016696929932e-01,1.672441005706787109e+00,-7.269679260253906250e+01
4.727124214172363281e+00,1.104894161224365234e+00,-inf
2.605951070785522461e+00,1.729359626770019531e+00,-inf
-4.048087000846862793e-01,7.781417369842529297e-01,-3.583162307739257812e+00
-2.162695378065109253e-01,1.090185880661010742e+00,-3.915498733520507812e+01
5.155565738677978516e+00,6.647326469421386719e+00,-inf
-2.286412864923477173e-01,1.513523221015930176e+00,-4.081350803375244141e+00
-4.068285822868347168e-01,8.330103754997253418e-01,-3.925407409667968750e+00
-3.111701086163520813e-02,1.919714689254760742e+00,-4.577389240264892578e+00
-1.964895576238632202e-01,2.527162313461303711e+00,-7.992328643798828125e+01
-3.369363546371459961e-01,-1.214024543762207031e+00,-3.497618198394775391e+00
-1.308344304561614990e-01,2.289295911788940430e+00,-8.496767425537109375e+01
2.859838865697383881e-02,3.013288021087646484e+00,-5.103474426269531250e+01
-1.874533831141889095e-03,3.019084334373474121e-01,-6.998178005218505859e+00
-2.058352530002593994e-01,1.580577015876770020e+00,-3.196711063385009766e+00
-4.275020956993103027e-01,-1.276429414749145508e+00,-2.104213476181030273e+00
-4.348483681678771973e-01,8.632299900054931641e-01,-3.593297958374023438e+00
-4.499267339706420898e-01,8.592596650123596191e-01,-4.924579143524169922e+00
-1.944388896226882935e-01,1.447180032730102539e+00,-5.008241176605224609e+00
-4.685403406620025635e-01,-1.497272968292236328e+00,-2.886378526687622070e+00
-5.142359733581542969e-01,6.149300336837768555e-01,-4.989085197448730469e+00
2.184605598449707031e-01,-1.746393680572509766e+00,-7.168083667755126953e+00
-3.701971098780632019e-02,1.604010581970214844e+00,-5.047122478485107422e+00
-1.675660312175750732e-01,3.585610985755920410e-01,-2.764223098754882812e+00
-4.150111675262451172e-01,7.352165579795837402e-01,-3.591533422470092773e+00
3.708044886589050293e-01,-1.391105175018310547e+00,-7.764680862426757812e+00
-3.311738967895507812e-01,1.050813555717468262e+00,-3.437808036804199219e+00
-1.166831254959106445e-01,4.563140273094177246e-01,-6.036422729492187500e+00
-3.066033124923706055e-01,1.477532386779785156e+00,-4.704998016357421875e+00
-2.019600272178649902e-01,7.645572423934936523e-01,-4.295558929443359375e+01
1.015127897262573242e+00,-8.031347990036010742e-01,-3.794796752929687500e+01
-3.953509926795959473e-01,1.109437227249145508e+00,-3.499641180038452148e+00
-4.105086326599121094e-01,1.334038097411394119e-02,-3.134376406669616699e-01
-3.595975637435913086e-01,3.847021460533142090e-01,-2.468456625938415527e-01
-3.059513866901397705e-01,-5.843877047300338745e-02,-1.807624697685241699e-01
-6.750591397285461426e-01,2.114840298891067505e-01,8.699370175600051880e-02
-5.731394886970520020e-01,2.919027805328369141e-01,-3.242498729377985001e-03
-7.869113683700561523e-01,3.685302734375000000e-01,1.789683476090431213e-02
1.805728524923324585e-01,-5.642257332801818848e-01,-4.121854305267333984e+00
-5.698075890541076660e-01,1.305924206972122192e-01,-1.210349425673484802e-02
-1.581577539443969727e+00,8.669511228799819946e-02,-1.819589436054229736e-01
-6.934415698051452637e-01,1.256449937820434570e+00,-2.689002513885498047e+00
-1.835539698600769043e+00,1.715527623891830444e-01,-2.508338689804077148e-01
1.630426168441772461e+00,-8.460872769355773926e-01,-3.323720169067382812e+01
-4.885182976722717285e-01,-4.744217395782470703e-01,-4.014442920684814453e+00
-2.462808787822723389e-01,7.863974571228027344e-02,-1.887932896614074707e+00
-2.805803716182708740e-01,1.980564594268798828e-01,-4.119357585906982422e+00
-2.827590107917785645e-01,6.692646443843841553e-02,-2.587291002273559570e+00
-7.536407113075256348e-01,6.456774473190307617e-01,-9.728168249130249023e-01
-6.562582850456237793e-01,1.787173748016357422e-01,-3.128778040409088135e-01
-1.894260883331298828e+00,2.656145393848419189e-01,-6.468873620033264160e-01
-3.184207677841186523e-01,-1.361494511365890503e-01,-2.391721904277801514e-01
-2.050646841526031494e-01,4.339037090539932251e-02,-5.856749787926673889e-02
-3.067646622657775879e-01,-2.334929406642913818e-01,-1.704936265945434570e+00
-1.366047859191894531e+00,-9.253025986254215240e-03,4.257468506693840027e-02
-7.541633248329162598e-01,-1.238696742802858353e-02,-5.637036561965942383e-01
-8.204156160354614258e-01,-1.023876443505287170e-01,-7.474974393844604492e-01
2.977554798126220703e-01,-4.686968922615051270e-01,-8.128328919410705566e-01
-1.161758542060852051e+00,-2.298069149255752563e-01,5.018242076039314270e-02
1.507696390151977539e+00,2.436390221118927002e-01,-4.857100963592529297e+00
-6.919140219688415527e-01,2.923219203948974609e-01,-1.480318009853363037e-01
-9.699107408523559570e-01,2.121868729591369629e-01,-1.631419301033020020e+00
-1.929772615432739258e+00,8.364684879779815674e-02,-3.168394863605499268e-01
-1.993028163909912109e+00,-9.358458966016769409e-02,-3.475784659385681152e-01
-6.551771163940429688e-01,8.789908885955810547e-01,-3.307828664779663086e+00
-1.909066438674926758e+00,1.272473037242889404e-01,-2.394766658544540405e-01
-4.648495316505432129e-01,4.651310443878173828e-01,-3.436748504638671875e+00
-1.311789512634277344e+00,-9.999261051416397095e-02,-1.238115876913070679e-01
-2.900685369968414307e-01,2.485447973012924194e-01,-2.924578666687011719e+00
-3.868847489356994629e-01,8.079843223094940186e-02,-6.282976269721984863e-01
1.360462754964828491e-01,3.916018009185791016e-01,-6.918372631072998047e+00
-9.556376934051513672e-01,1.285974867641925812e-02,-4.212036728858947754e-01
-1.681558132171630859e+00,9.196577966213226318e-02,-1.400000572204589844e+00
-2.092896252870559692e-01,-1.352848950773477554e-02,-2.618650496006011963e-01
-2.984099090099334717e-01,3.294405937194824219e-01,-3.411696553230285645e-01
-9.881566762924194336e-01,1.576442867517471313e-01,-1.463162600994110107e-01
-5.989573001861572266e-01,2.916275896131992340e-02,-1.994928270578384399e-01
-8.225728273391723633e-01,8.908101171255111694e-02,-2.380305767059326172e+00
-3.997784137725830078e+00,-6.911470890045166016e-01,-1.062876224517822266e+01
-7.790374755859375000e-01,2.876027822494506836e-01,-7.393432259559631348e-01
5.680596232414245605e-01,1.086154699325561523e+00,-6.871031284332275391e+00
5.720083236694335938e+00,1.345219969749450684e+00,-inf
-3.415216922760009766e+00,9.576703310012817383e-01,-3.204050445556640625e+01
1.476603984832763672e+00,1.484754323959350586e+00,-7.655896663665771484e+00
-3.477793216705322266e+00,3.246916294097900391e+00,-6.445279693603515625e+01
-2.012836456298828125e+00,-9.561041742563247681e-02,-4.394032669067382812e+01
2.227426528930664062e+00,-7.721158266067504883e-01,-1.015119075775146484e+01
-1.175258827209472656e+01,inf,-6.003677368164062500e+01
-3.829942643642425537e-01,5.854877829551696777e-01,-4.802508354187011719e+00
-3.757965862751007080e-01,1.902898997068405151e-01,-1.743263900279998779e-01
-9.384181499481201172e-01,1.687536954879760742e+00,-2.145318222045898438e+01
9.589687347412109375e+00,inf,-inf
-5.869637057185173035e-02,-1.328526735305786133e-01,-7.803781986236572266e+00
-1.357839107513427734e-01,7.430591583251953125e-01,-5.587120532989501953e+00
8.133652061223983765e-02,2.905886173248291016e-01,-2.330841779708862305e+00
-2.779923081398010254e-01,-1.569102644920349121e+00,-2.595795154571533203e+00
-1.595625758171081543e+00,-2.994959615170955658e-02,3.033252432942390442e-02
-1.289576411247253418e+00,6.310207247734069824e-01,-2.703834533691406250e+00
-1.067296743392944336e+00,3.005083203315734863e-01,-2.249784708023071289e+00
-9.516643285751342773e-01,1.750584840774536133e-01,-9.738126397132873535e-02
-6.713493347167968750e+00,-6.170391440391540527e-01,-1.613340020179748535e+00
-2.107143163681030273e+00,5.867737531661987305e-01,-2.656633853912353516e+00
1.549729555845260620e-01,1.155128329992294312e-02,-2.762662619352340698e-02
9.117982983589172363e-01,-4.345297515392303467e-01,-4.253935337066650391e+00
-1.058500885963439941e+00,-1.494071483612060547e-01,-2.960496664047241211e+00
-5.915934965014457703e-02,5.380691885948181152e-01,-2.366815567016601562e+00
-1.151807606220245361e-03,7.643027231097221375e-03,-9.216303825378417969e+00
-3.257963359355926514e-01,2.657324373722076416e-01,-5.310015678405761719e+00
-1.100609973073005676e-01,1.481715589761734009e-01,-5.638360977172851562e+00
-7.149440646171569824e-01,6.201657652854919434e-02,-5.245876312255859375e+00
-1.009935855865478516e+00,4.181469604372978210e-02,-4.745740413665771484e+00
4.078499376773834229e-01,-1.112443730235099792e-01,-4.556734561920166016e+00
-7.385616898536682129e-01,2.542075812816619873e-01,-4.683665752410888672e+00
3.720527291297912598e-01,-7.531141862273216248e-03,-5.067378997802734375e+00
-5.746936202049255371e-01,6.288339495658874512e-01,-6.283072948455810547e+00
-1.031600952148437500e+00,3.093401193618774414e-01,-4.631624698638916016e+00
-2.309355288743972778e-01,1.997094154357910156e-01,-5.627251148223876953e+00
-7.834056019783020020e-02,3.510044217109680176e-01,-5.607340812683105469e+00
-1.924575924873352051e+00,1.026906725019216537e-02,5.258775316178798676e-03
-1.811620593070983887e+00,-9.258197247982025146e-02,1.283564865589141846e-01
-1.537961244583129883e+00,-1.849726028740406036e-02,7.324323803186416626e-02
4.826040863990783691e-01,2.181451953947544098e-02,-1.436131119728088379e+00
1.005624011158943176e-01,-1.753971911966800690e-02,-3.960375189781188965e-01
-1.195962810516357422e+01,1.549757480621337891e+00,-2.559452438354492188e+01
-7.717787027359008789e-01,7.797925174236297607e-02,-6.060484647750854492e-01
-1.159955024719238281e+00,2.777738273143768311e-01,-7.247433662414550781e-01
-2.827357053756713867e-01,1.599897742271423340e-01,-1.866700172424316406e+00
-1.202363014221191406e+00,6.033084541559219360e-02,-4.428803920745849609e-01
6.160149574279785156e-01,5.569167733192443848e-01,-5.902203083038330078e+00
-1.330858469009399414e-01,1.920884102582931519e-02,-4.130924344062805176e-01
-1.312381267547607422e+00,1.035675287246704102e+00,-3.609448671340942383e+00
-4.059793055057525635e-01,9.179775118827819824e-01,-3.627157926559448242e+00
-1.902980059385299683e-01,1.618372678756713867e+00,-5.330387878417968750e+01
-6.929115295410156250e+00,1.412692070007324219e+00,-2.625887298583984375e+01
-4.518218040466308594e-01,-5.570044741034507751e-02,9.149256348609924316e-02
-3.248791396617889404e-02,-1.131692230701446533e-01,-1.218477606773376465e+00
2.382921725511550903e-01,6.144462823867797852e-01,-5.827826976776123047e+00
-6.294296979904174805e-01,1.277348119765520096e-02,-1.170955300331115723e+00
-1.242681264877319336e+00,3.483510017395019531e-01,-1.366385579109191895e+00
2.074277400970458984e-01,1.311065196990966797e+00,-4.069947242736816406e+00
-2.349547594785690308e-01,9.227625727653503418e-01,-4.634957313537597656e+00
-6.915179491043090820e-01,-2.910684943199157715e-01,-4.675088405609130859e+00
-9.918073415756225586e-01,-4.704971909523010254e-01,-5.371562004089355469e+00
2.250692367553710938e+00,7.603635787963867188e-01,-6.183515071868896484e+00
7.874372005462646484e-01,6.053386330604553223e-01,-4.908100128173828125e+00
1.764267385005950928e-01,-1.441161930561065674e-01,-4.081311225891113281e+00
-1.613598227500915527e+00,-4.688578844070434570e-01,-2.195012569427490234e+00
-1.278604716062545776e-01,7.262295484542846680e-02,-2.326964139938354492e+00
-1.135601043701171875e+00,-2.082782052457332611e-02,-4.749480724334716797e+00
1.013465404510498047e+00,6.340347528457641602e-01,-5.299111843109130859e+00
1.450801491737365723e-01,9.659758955240249634e-02,-5.160411357879638672e+00
-1.077987909317016602e+00,1.250052452087402344e+00,-9.074952602386474609e-01
1.053118824958801270e+00,3.456400930881500244e-01,-5.574943065643310547e+00
-2.917631149291992188e+00,-7.355817407369613647e-02,-1.327152013778686523e+00
-9.472450017929077148e-01,1.133469104766845703e+00,1.015255972743034363e-01
1.594971716403961182e-01,2.959064543247222900e-01,-5.139952659606933594e+00
1.067716598510742188e+00,-2.978878319263458252e-01,-4.861285686492919922e+00
1.261731624603271484e+00,2.370454519987106323e-01,-5.365308284759521484e+00
1.213052049279212952e-01,2.057038694620132446e-01,-5.169746875762939453e+00
3.732046484947204590e-02,3.664742410182952881e-01,-5.488890171051025391e+00
-2.872132062911987305e-01,2.679209709167480469e-01,-4.964521884918212891e+00
6.696615815162658691e-01,1.336608827114105225e-01,-5.323544979095458984e+00
5.634728819131851196e-02,1.551123380661010742e+00,-4.722799777984619141e+00
-6.578982621431350708e-02,4.342409670352935791e-01,-3.819832324981689453e+00
-5.216920375823974609e-01,1.605037599802017212e-01,-3.896739244461059570e+00
7.014551758766174316e-02,-3.744014725089073181e-02,-4.599748611450195312e+00
8.608610033988952637e-01,4.392201006412506104e-01,-4.985149383544921875e+00
-2.674405463039875031e-02,7.487093564122915268e-03,-4.454238891601562500e+00
-1.187975168228149414e+00,7.371973991394042969e-02,-4.411487579345703125e+00
-7.964597344398498535e-01,-8.747188746929168701e-02,-2.823363542556762695e+00
-1.963041543960571289e+00,-2.169092893600463867e-01,-6.132512092590332031e+00
-2.321138381958007812e-01,6.175335869193077087e-02,-5.694140434265136719e+00
8.412690758705139160e-01,2.629531323909759521e-01,-5.834797859191894531e+00
-6.564459204673767090e-01,4.765063524246215820e-01,-4.739912509918212891e+00
-7.832984924316406250e-01,-4.323889911174774170e-01,-6.232310771942138672e+00
5.130723714828491211e-01,-7.649683356285095215e-01,-6.537344932556152344e+00
-9.355058670043945312e-01,9.220453351736068726e-02,-4.938068389892578125e+00
-1.303342938423156738e+00,-2.259844541549682617e-01,-5.562375783920288086e-01
-9.069464206695556641e-01,-5.663551762700080872e-02,-7.732515037059783936e-02
-5.894514322280883789e-01,2.474204599857330322e-01,-1.505496621131896973e+00
1.053811609745025635e-01,8.046080917119979858e-02,-2.639964103698730469e+00
-7.110356092453002930e-01,1.391680836677551270e-01,-7.927759885787963867e-01
-5.195619463920593262e-01,1.040125012397766113e+00,-2.599782943725585938e+00
-9.663373231887817383e-01,-6.509460508823394775e-02,-1.484875202178955078e+00
-6.040073633193969727e-01,4.179034531116485596e-01,-1.623706579208374023e+00
-5.650175213813781738e-01,5.269981026649475098e-01,-7.886404991149902344e-01
-6.510510444641113281e-01,5.967518687248229980e-01,-2.261362791061401367e+00
4.906494170427322388e-02,3.640175163745880127e-01,-5.187764644622802734e+00
5.078217945992946625e-04,1.846227645874023438e-01,-5.030839920043945312e+00
2.633502483367919922e-01,3.904524445533752441e-01,-4.679000854492187500e+00
1.562337577342987061e-01,4.341107606887817383e-01,-4.260110378265380859e+00
-5.596068501472473145e-02,6.248920559883117676e-01,-4.033421039581298828e+00
6.551560163497924805e-01,1.679461300373077393e-01,-4.857507228851318359e+00
-1.524016022682189941e+00,1.358122378587722778e-01,-3.442200273275375366e-02
-1.070318818092346191e+00,2.640551924705505371e-01,-3.878199458122253418e-01
-1.527646780014038086e+00,1.255992352962493896e-01,-2.899225987493991852e-02
-8.251695632934570312e-01,2.104943692684173584e-01,-2.818856239318847656e-01
-1.202240467071533203e+00,1.118190884590148926e+00,-7.621488571166992188e-01
-1.641554594039916992e+00,2.228928953409194946e-01,1.029018685221672058e-02
-1.005364418029785156e+00,-1.067046672105789185e-01,-2.074700221419334412e-02
-1.321103096008300781e+00,-6.878986954689025879e-02,1.081731393933296204e-01
-8.056355118751525879e-01,5.982871726155281067e-02,-3.472168147563934326e-01
-4.815915822982788086e-01,3.623451590538024902e-01,-3.071501851081848145e-02
-7.341058254241943359e-01,-9.145745425485074520e-04,-7.198830246925354004e-01
-5.400910377502441406e-01,4.037662744522094727e-01,-8.050790786743164062e+00
5.141952037811279297e+00,5.027470365166664124e-02,-inf
6.440227627754211426e-01,2.352892160415649414e+00,-inf
-2.191772842407226562e+01,inf,-2.792127418518066406e+01
-4.815915822982788086e-01,3.623451590538024902e-01,-3.071501851081848145e-02
-2.858345508575439453e+00,2.034831285476684570e+00,-4.499528121948242188e+01
-3.435761213302612305e+00,3.262214422225952148e+00,-4.976349258422851562e+01
-5.790494382381439209e-02,-9.962135553359985352e-02,-3.042326211929321289e+00
-3.850439190864562988e-01,5.540148615837097168e-01,-4.754993438720703125e+00
-9.263826608657836914e-01,5.653026327490806580e-02,-3.576013445854187012e-02
-6.693342328071594238e-01,1.939019933342933655e-02,-1.207581043243408203e+00
-8.479209542274475098e-01,-4.673829302191734314e-02,9.844680316746234894e-03
-2.913618385791778564e-01,-7.289869338274002075e-02,-3.078914165496826172e+00
-8.790574669837951660e-01,9.760153889656066895e-01,-3.981813788414001465e-01
8.987901210784912109e-01,-6.438112258911132812e-01,-7.004360198974609375e+00
6.888088703155517578e+00,9.276505708694458008e-01,-4.917435455322265625e+01
-1.038968443870544434e+00,6.460261344909667969e-01,-6.075489521026611328e-01
-1.171985387802124023e+00,5.773385167121887207e-01,-6.657562255859375000e-01
-6.078412532806396484e-01,1.027844905853271484e+00,-3.390312790870666504e-01
1.866379976272583008e+00,-2.267750501632690430e-01,-7.451493263244628906e+00
3.489014387130737305e+00,2.266049146652221680e+00,-3.286334228515625000e+01
-5.691483497619628906e+00,-1.272241771221160889e-01,-3.322319030761718750e+01
1.632231354713439941e+00,1.035183370113372803e-01,-6.431226253509521484e+00
6.933676719665527344e+00,1.871889948844909668e+00,-4.671333694458007812e+01
-1.195471048355102539e+00,8.399675488471984863e-01,-8.575158119201660156e-01
-5.840607166290283203e+00,-2.434258162975311279e-01,-2.921154403686523438e+01
-2.748223781585693359e+00,4.480218887329101562e-01,-2.561756706237792969e+01
1.830455064773559570e+00,-5.709703564643859863e-01,-8.143468856811523438e+00
3.453124046325683594e+00,2.153138637542724609e+00,-3.374768447875976562e+01
-1.629154920578002930e+00,1.025102511048316956e-01,-2.924828338623046875e+01
7.682906091213226318e-02,7.362198233604431152e-01,-1.109628963470458984e+01
4.243369102478027344e-01,5.817232131958007812e-01,-6.167648792266845703e+00
-1.122656106948852539e+00,-5.821534991264343262e-02,-2.944096922874450684e-01
1.284376502037048340e+00,7.140004038810729980e-01,-5.856342792510986328e+00
9.826124310493469238e-01,-8.966753482818603516e-01,-7.097003459930419922e+00
-2.525515854358673096e-01,1.543824553489685059e+00,-4.214626789093017578e+00
1.681026458740234375e+00,1.120609879493713379e+00,-8.105514526367187500e+00
-5.674259662628173828e-01,2.176908552646636963e-01,-2.244188547134399414e+00
-2.437195539474487305e+00,-8.230312466621398926e-01,-2.186128234863281250e+01
1.387550830841064453e-01,3.974730968475341797e-01,-4.301831245422363281e+00
-9.401844978332519531e+00,inf,-1.416013622283935547e+01
-4.012384414672851562e-01,1.975811868906021118e-01,-1.688273996114730835e-01
-1.242860794067382812e+00,1.924512833356857300e-01,-9.163181185722351074e-01
-1.661989927291870117e+00,5.668368935585021973e-02,-5.176305770874023438e+00
-8.281576633453369141e-02,6.027788622304797173e-04,-3.426604986190795898e+00
-1.586209774017333984e+00,2.600809633731842041e-01,-2.209683954715728760e-01
-2.823032617568969727e+00,-6.003372073173522949e-01,-2.414497375488281250e+00
-2.566640377044677734e+00,-1.845352351665496826e-01,-1.417922854423522949e+00
-8.859806060791015625e-01,3.646471202373504639e-01,-1.895156949758529663e-01
-5.748535394668579102e-01,-2.480160593986511230e-01,-2.222210615873336792e-01
-8.291424512863159180e-01,1.098865032196044922e+00,-1.837467956542968750e+01
2.187271974980831146e-02,-2.129384279251098633e-01,-1.689675599336624146e-01
-1.433552652597427368e-01,1.382270902395248413e-01,-3.031357824802398682e-01
-1.817400455474853516e+00,-1.872522011399269104e-02,1.392854899168014526e-01
-6.297378540039062500e+00,2.388780564069747925e-02,-1.196778059005737305e+00
-9.300970077514648438e+00,1.592178344726562500e-01,-2.217751693725585938e+01
-4.668586254119873047e+00,1.009055897593498230e-01,4.062639772891998291e-01
-4.307091236114501953e-01,8.543726056814193726e-02,-8.435174226760864258e-01
-2.332764625549316406e+00,-2.225085794925689697e-01,-1.369755148887634277e+00
-9.361054897308349609e-01,1.839647069573402405e-02,7.614040374755859375e-02
-6.149556636810302734e-01,-2.449894994497299194e-01,-1.534970283508300781e+00
-1.000806331634521484e+00,1.146122366189956665e-01,-9.081454873085021973e-01
-4.068772792816162109e-01,1.283020675182342529e-01,-6.308941245079040527e-01
1.843813434243202209e-02,4.121955856680870056e-02,-6.501643061637878418e-01
-1.116325736045837402e+00,1.106361523270606995e-01,5.316463708877563477e-01
4.879034519195556641e+00,3.428603708744049072e-01,-1.632174682617187500e+01
-2.485788106918334961e+00,-3.132168948650360107e-01,-1.135635256767272949e+00
-1.928561449050903320e+00,-1.404314041137695312e-01,-8.780643939971923828e-01
-3.204825520515441895e-01,3.753462061285972595e-02,-3.738368153572082520e-01
-2.210856199264526367e+00,-4.811572283506393433e-02,5.791802331805229187e-02
-1.040451049804687500e+00,4.838194251060485840e-01,-1.087216585874557495e-01
-2.367038249969482422e+00,8.066779375076293945e-02,-5.341844558715820312e-01
-1.521975755691528320e+00,-5.808808803558349609e-01,-8.375092744827270508e-01
-3.221795558929443359e+00,-4.890315532684326172e-01,-3.951923251152038574e-01
1.362685859203338623e-01,-1.668449491262435913e-01,-2.299710363149642944e-01
-4.290053844451904297e-01,3.514033555984497070e-02,-6.714242100715637207e-01
-3.277152299880981445e+00,2.319240868091583252e-01,-2.269110202789306641e+00
-5.886359214782714844e-01,-5.961600542068481445e-01,-2.342712163925170898e+00
-2.711271345615386963e-01,-1.756896674633026123e-01,-8.321659266948699951e-02
-5.845040678977966309e-01,-1.990264095366001129e-02,-1.396654695272445679e-01
-1.857607215642929077e-01,4.213657081127166748e-01,-1.691573500633239746e+00
-2.336685180664062500e+00,-1.717331111431121826e-01,-1.073975682258605957e+00
1.046787276864051819e-01,3.788544237613677979e-02,-1.965576112270355225e-01
1.523302316665649414e+00,7.653136253356933594e-01,-2.701953887939453125e+00
1.109992146492004395e+00,-9.286180138587951660e-02,-4.354333877563476562e+00
2.876395583152770996e-01,-3.314006328582763672e-01,-1.060847282409667969e+00
3.386374473571777344e+00,-1.202986955642700195e+00,-2.105624771118164062e+01
-1.009058117866516113e+00,1.363993436098098755e-01,-2.364969402551651001e-01
-1.252716064453125000e+00,2.048755288124084473e-01,-7.204103469848632812e-01
-1.373605579137802124e-01,-9.321112185716629028e-02,-5.952727049589157104e-02
-1.579467952251434326e-02,1.811852902173995972e-01,-3.882394731044769287e-01
-4.587279558181762695e-01,-9.176439046859741211e-02,3.236193209886550903e-02
-2.130856275558471680e+00,-6.195854023098945618e-02,1.437319964170455933e-01
-1.377215743064880371e+00,7.198486477136611938e-02,-2.545911312103271484e+00
-4.733732938766479492e-01,4.675433784723281860e-02,-1.329391241073608398e+00
1.360467970371246338e-01,3.387685120105743408e-02,-8.220811486244201660e-01
-3.382112383842468262e-01,1.176123097538948059e-01,-5.086548328399658203e-01
-2.318933248519897461e+00,-1.496368460357189178e-02,-4.751302599906921387e-01
-6.169653534889221191e-01,2.244066447019577026e-02,3.615390509366989136e-02
-5.719400644302368164e-01,5.351733565330505371e-01,-5.885528773069381714e-02
-1.009299993515014648e+00,1.440436206758022308e-02,1.825993210077285767e-01
1.113878488540649414e-01,-7.879891991615295410e-02,-2.332314729690551758e+00
-2.217203855514526367e+00,-3.046286106109619141e-01,-2.391541004180908203e+00
6.467278301715850830e-02,5.147269368171691895e-01,-2.713979959487915039e+00
-1.455605983734130859e+00,6.105936598032712936e-03,-1.167402863502502441e+00
2.767312526702880859e-01,-1.300845593214035034e-01,-6.306349277496337891e+00
-1.568444669246673584e-01,-4.508593305945396423e-02,-1.284254044294357300e-01
-1.398720264434814453e+00,-1.539632827043533325e-01,-6.504133939743041992e-01
-3.942051529884338379e-01,-2.427395666018128395e-04,-1.245089769363403320e+00
-1.221653342247009277e+00,-4.075893759727478027e-02,-1.006097316741943359e+00
-7.302726507186889648e-01,3.861320316791534424e-01,-1.443027973175048828e+00
-7.116241455078125000e-01,2.835171818733215332e-01,-1.523845076560974121e+00
-1.316041350364685059e+00,-2.761737443506717682e-02,-4.850525557994842529e-01
-7.787446379661560059e-01,-5.105991959571838379e-01,3.428966552019119263e-02
-3.204527616500854492e+00,6.711185723543167114e-02,-1.378627181053161621e+00
-1.307324528694152832e+00,-2.896440401673316956e-02,-1.903078079223632812e+00
-1.056377887725830078e+00,3.017055094242095947e-01,2.257506400346755981e-01
1.396043300628662109e+00,-6.764343976974487305e-01,-1.011154174804687500e+01
-2.886424303054809570e+00,-1.548419892787933350e-01,-2.162508010864257812e+00
-8.017970919609069824e-01,-8.892264962196350098e-02,-5.410803109407424927e-02
-4.985555648803710938e+00,7.573526501655578613e-01,-9.414891242980957031e+00
-5.508799552917480469e-01,-4.269356727600097656e-01,-1.701751232147216797e+00
8.776779286563396454e-03,1.073793023824691772e-01,-5.848239660263061523e-01
-1.523767590522766113e+00,-1.111802935600280762e+00,-2.599362134933471680e+00
-8.331087231636047363e-01,2.326349914073944092e-02,-5.731060504913330078e-01
-1.337180495262145996e+00,1.461466550827026367e-01,3.136082589626312256e-01
-4.583608508110046387e-01,8.645178079605102539e-01,-4.407999038696289062e+00
-1.469534754753112793e+00,-2.112215459346771240e-01,-2.103132963180541992e+00
-1.443265914916992188e+00,-1.336619853973388672e-01,-1.964402914047241211e+00
5.235838890075683594e-01,3.216185569763183594e-01,-1.904394626617431641e+00
-2.457347661256790161e-01,-1.702592372894287109e-01,-6.417319774627685547e-01
-8.628275394439697266e-01,1.993732154369354248e-01,-1.534236222505569458e-01
-1.163719654083251953e+00,3.225032240152359009e-02,-1.084044933319091797e+00
-1.748170137405395508e+00,4.030890017747879028e-02,-5.016279697418212891e+00
4.256474673748016357e-01,-4.933393597602844238e-01,-3.822025775909423828e+00
1.173973202705383301e+00,9.327680617570877075e-02,-4.030561447143554688e+00
-1.309944748878479004e+00,3.137786407023668289e-03,1.784226670861244202e-02
-1.582821130752563477e+00,9.711545705795288086e-02,-6.660588383674621582e-01
-1.790668010711669922e+00,1.060551181435585022e-01,7.691361755132675171e-02
-1.088404178619384766e+00,4.315017536282539368e-02,-1.103723980486392975e-02
-5.186845779418945312e+00,1.086078360676765442e-01,-1.241653561592102051e+00
-5.156293392181396484e+00,-3.276975452899932861e-01,-5.791074037551879883e-01
-3.957288265228271484e-01,-5.243287086486816406e-01,-6.585791110992431641e-01
1.186581254005432129e-01,5.613081157207489014e-02,-5.853287577629089355e-01
-7.623893022537231445e-01,-9.306326508522033691e-02,-1.415923714637756348e+00
-2.911339044570922852e+00,6.679511815309524536e-02,-7.124249935150146484e-01
-7.359830737113952637e-01,7.210899144411087036e-02,-2.273415774106979370e-01
-3.804301917552947998e-01,-1.559251993894577026e-01,-1.217889547348022461e+00
-2.504613399505615234e+00,-2.517125941812992096e-02,-7.319350838661193848e-01
-1.630138754844665527e-01,3.635486364364624023e-01,-3.539323806762695312e-01
6.031524762511253357e-02,1.110207140445709229e-01,-1.325427889823913574e-01
-3.148447275161743164e-01,-8.540455996990203857e-02,-1.706995218992233276e-01
-1.090351939201354980e+00,1.368947178125381470e-01,2.543383836746215820e-01
-4.304537773132324219e+00,-8.862569183111190796e-02,-1.145678043365478516e+00
-3.867864608764648438e-01,3.841247782111167908e-02,-3.257807111367583275e-03
-1.062800884246826172e+00,-2.565961182117462158e-01,-1.268929719924926758e+00
-8.706694841384887695e-01,1.518370024859905243e-02,-5.385097861289978027e-01
-1.556688189506530762e+00,-1.037573367357254028e-01,-1.364625334739685059e+00
-5.292876362800598145e-01,3.381833732128143311e-01,-4.579639732837677002e-01
1.271333638578653336e-02,4.419259428977966309e-01,-3.733649253845214844e+00
-4.206337928771972656e-01,-7.488179206848144531e-01,-8.131989479064941406e+00
-1.089075088500976562e+00,1.882958710193634033e-01,-2.738232135772705078e+00
-1.215809345245361328e+00,-2.318300902843475342e-01,-4.002677440643310547e+00
-3.019884228706359863e-01,6.794300079345703125e-01,-1.619767546653747559e+00
3.186146318912506104e-01,-4.472988843917846680e-01,-1.393505573272705078e+00
-6.962267756462097168e-01,6.440813839435577393e-02,-3.741074323654174805e+00
2.693432867527008057e-01,3.714416548609733582e-02,-6.994272470474243164e-01
-1.088551759719848633e+00,-2.314771898090839386e-02,-1.654172241687774658e-01
-3.953822135925292969e+00,-5.086619034409523010e-02,-5.203050971031188965e-01
-2.112935543060302734e+00,-9.910812973976135254e-02,-1.550714612007141113e+00
-1.155281662940979004e+00,-2.553110718727111816e-01,3.959175944328308105e-02
-1.157828941941261292e-01,-5.898799374699592590e-02,-4.003066420555114746e-01
-9.554952979087829590e-01,-7.765182852745056152e-02,-4.636824503540992737e-02
5.026146173477172852e-01,-5.388193726539611816e-01,-1.426399350166320801e+00
-7.386441826820373535e-01,1.592850387096405029e-01,2.429438233375549316e-01
7.075112313032150269e-02,1.102532595396041870e-01,-5.152226448059082031e+00
-1.354839563369750977e+00,1.533224433660507202e-01,9.602173417806625366e-02
-2.267051696777343750e+00,1.782489717006683350e-01,-5.449786186218261719e+00
-1.850422978401184082e+00,-1.959986835718154907e-01,-1.000005602836608887e+00
-1.928669929504394531e+00,-9.416145086288452148e-02,3.195409476757049561e-02
-3.339437007904052734e+00,1.266991198062896729e-01,6.646255850791931152e-01
-7.560512423515319824e-01,2.663209140300750732e-01,-3.609017610549926758e+00
-1.896027565002441406e+00,3.945024311542510986e-01,-1.820922940969467163e-01
-9.696338772773742676e-01,1.157249417155981064e-02,-1.186872363090515137e+00
-1.896966695785522461e-01,2.019402682781219482e-01,1.828890852630138397e-02
-1.131757020950317383e+00,-7.204713672399520874e-02,-6.352638006210327148e-01
-1.225919604301452637e+00,4.568654671311378479e-02,-5.056890100240707397e-02
-1.455874085426330566e+00,-2.154481410980224609e-02,3.791911303997039795e-01
-1.150086641311645508e+00,-7.549237459897994995e-02,-1.643611937761306763e-01
4.870089530944824219e+00,1.800175786018371582e+00,-4.042014694213867188e+01
-6.236673593521118164e-01,-8.436814695596694946e-02,-9.190802574157714844e-01
-1.903102397918701172e+00,1.898197978734970093e-01,-4.667349159717559814e-01
-7.935078144073486328e-01,-3.021030686795711517e-03,-6.041698157787322998e-02
-4.331145763397216797e+00,-1.247092604637145996e+00,-1.645229935646057129e+00
2.536893486976623535e-01,-2.278995327651500702e-02,-9.433337450027465820e-01
-1.631615519523620605e+00,-2.549905888736248016e-02,-1.020536184310913086e+00
-6.683121204376220703e+00,-9.651071159169077873e-04,5.819045901298522949e-01
-2.681423187255859375e+00,1.611245423555374146e-01,-2.453041076660156250e+00
-1.365998625755310059e+00,-2.238916307687759399e-01,-1.712903231382369995e-01
-1.210568189620971680e+00,-1.427997201681137085e-01,-5.610430836677551270e-01
-8.780902624130249023e-01,-2.732535302639007568e-01,-1.451730608940124512e+00
-1.028208732604980469e+00,1.033945009112358093e-01,-4.387732148170471191e-01
1.441005945205688477e+00,1.666837692260742188e+00,-1.228591632843017578e+01
1.235752344131469727e+00,9.814586639404296875e-01,-1.251152515411376953e+01
1.232684135437011719e+00,1.199617028236389160e+00,-1.289014720916748047e+01
1.050328612327575684e+00,6.197290420532226562e-01,-1.248223495483398438e+01
8.656976222991943359e-01,9.886366128921508789e-01,-1.260862541198730469e+01
7.050984501838684082e-01,8.280712366104125977e-01,-1.161067390441894531e+01
-1.851634502410888672e+00,-3.135768175125122070e-01,-1.268038392066955566e+00
-2.912760972976684570e+00,-4.268414080142974854e-01,-inf
-1.866574168205261230e+00,3.351846039295196533e-01,-1.371449112892150879e+00
-1.877553343772888184e+00,-3.072011172771453857e-01,-1.031127095222473145e+00
-1.930733919143676758e+00,-3.831723332405090332e-01,-1.266786217689514160e+00
-1.733848094940185547e+00,3.152521550655364990e-01,-1.224902868270874023e+00
8.462619781494140625e-01,9.418293237686157227e-01,-1.219910240173339844e+01
3.389367461204528809e-01,7.283173203468322754e-01,-1.231925678253173828e+01
1.239436149597167969e+00,1.251142621040344238e+00,-1.336443233489990234e+01
-1.581532508134841919e-01,7.292632460594177246e-01,-1.318205642700195312e+01
1.257360696792602539e+00,1.112288951873779297e+00,-1.194339942932128906e+01
1.341830253601074219e+00,1.389323592185974121e+00,-1.198540306091308594e+01
1.226393222808837891e+00,1.142172813415527344e+00,-1.254531288146972656e+01
1.802792787551879883e+00,5.816451907157897949e-01,-1.271141338348388672e+01
1.482831478118896484e+00,7.844121456146240234e-01,-1.336779689788818359e+01
1.119570255279541016e+00,3.924960494041442871e-01,-1.082333087921142578e+01
1.076585769653320312e+00,4.525367021560668945e-01,-1.208085250854492188e+01
1.252080678939819336e+00,1.416215777397155762e+00,-1.199044609069824219e+01
1.391657829284667969e+00,6.611526012420654297e-01,-1.232865333557128906e+01
8.549813628196716309e-01,9.193516373634338379e-01,-1.216114330291748047e+01
6.725308299064636230e-01,6.157374978065490723e-01,-8.819843292236328125e+00
1.165356159210205078e+00,1.132210254669189453e+00,-9.492328643798828125e+00
1.056394338607788086e+00,5.801957249641418457e-01,-1.180164623260498047e+01
2.028097152709960938e+00,1.029374957084655762e+00,-1.424698448181152344e+01
1.192526340484619141e+00,1.590361475944519043e+00,-1.047788238525390625e+01
6.871338486671447754e-01,6.169889122247695923e-02,-7.998990058898925781e+00
