-1.2133454845346483,0.07287369251921895,-0.6953593439992592
-1.3650892199910454,-0.031703360747967466,-3.0835980762008717
0.027111148540732738,-0.09752696085547961,-2.0168922058277294
-1.208952852894461,0.2626052961955377,-0.11951735181366996
-2.168282131975903,-0.10438389419731768,-2.3913161244441468
-2.280309534713893,-0.7064993870339695,-1.1784488712176813
-0.643695859998977,0.16767410761374318,-0.08572506915847487
-1.5405786812464426,-0.17739247887814732,-0.1363160913424441
-1.1209883120325228,-1.1609570359592403,-inf
0.009172478877296133,-0.19823722851672343,-0.10853563260109217
-0.23121849908244305,0.2424085587738769,-0.22201761638540782
-1.720306662273955,0.07143504621259689,0.16766966364474645
-3.578415671854605,0.14003002316193436,-0.7482617774282277
-3.947211461591719,0.023795824035746996,-7.565727334117257
-2.620842979205254,-0.005912274091221715,0.18300049225270948
-0.4874431111122897,-0.03974217569237838,-0.8218978330832214
-1.6225462842857665,0.3467302506439907,-0.6747842307010609
-0.8650050914479777,-0.01748615634846694,0.08977379344615519
-0.47301079317388256,-0.07868872300300084,-1.1182096230377647
-0.8459266421262088,0.04212831512664598,-0.6251483882594542
-0.5582083216218379,-0.034566636672025884,-0.30182762436895333
0.012053726039052432,0.017003058620780366,-0.46435350870905556
-1.2557219691515085,0.04393963870203174,0.15705498237969273
3.6000114692553407,0.34777356569122503,-6.642813273715132
-1.3951161241556114,-0.006850612879830417,-0.6196441171725742
-1.4918480854745424,0.08117296552254435,-0.6243926108086459
-0.25565979699629215,-0.10921444386351067,-0.26229032145366116
-1.7177186412320948,0.06256967112634455,0.007065197196092938
-1.3716108119979198,0.47019387944543267,-0.08104526057589373
-2.0338096000395853,0.05566400139018953,-0.4120247761325176
-0.7472948845954006,-0.13597459255019556,-0.4955763679459982
-1.9860480533012987,-0.1025466999322583,-0.2524328533658235
0.04314372089696492,-0.04351049283620721,-0.15183496195937446
-0.2648758495003899,0.03921899337802012,-0.3961566015469638
-2.3956590820524326,0.11480256898357677,-1.4120677336402705
-1.7223064145198026,0.06820282596282509,-1.523270285614327
-0.29517571264843295,-0.2239771568368593,-0.06983019036833525
-0.5756078570972213,0.03826821830235065,-0.07453064746322134
-0.6972640519703253,-0.027113577351858653,-1.0589211656329824
-0.10005916609208511,-0.3905154127329164,-0.7939968736435343
0.008969970334211257,-0.0030653370161396014,-0.11924689214855877
1.2095136696844606,-0.4586956741886416,-1.9157380976137477
0.19957028627804413,-0.06264877026959631,-2.19976592356328
0.2777973572241835,-0.27392735941135443,-0.8867328729987914
1.848356130241011,-1.6164816027753999,-inf
-0.49507215394732335,0.052735870832749436,-0.18556286646417994
-1.036688000298124,0.38593037609639513,-0.44023698589465216
-0.12016520181263418,0.037508365119897004,-0.029342091291158966
-0.295061630809316,-0.09286523565358343,-0.15391793228731895
-0.4697494272790399,0.011039237003746628,0.04546712840266014
-1.5618723282086469,-0.040280424497926876,0.09776072468906088
-1.0981381480306256,0.2913654826427643,-1.606542201332892
-0.5947072783525319,-0.0753654705239679,-0.8994778514350099
0.008761623617089652,-0.1400666135439592,-0.8001872074491952
-0.34217865013889,0.19176447963171228,-0.40163444003060955
-0.6343199418292903,0.0009509759795042695,-0.33074820952211564
-0.5599779794607181,0.2425398747548253,-0.007275252901448988
-1.0159707572468917,0.6601180620911634,0.0019136549748842407
-0.7148779462791766,-0.012005216671654355,0.13800164530421835
-0.4057269404308426,-0.1977975026184941,-3.3520401674557823
-1.6799041133071988,0.014529155239339125,-1.683429251685252
0.23234801834324828,-0.1030501736732348,-1.546437228486145
-0.9213974723955529,0.024178081730489798,-0.665682910231901
0.17563559379067425,-0.04103788321427755,-3.4032489278258304
-0.1892146205946516,-0.02641796053687835,-0.16488764103404696
-1.2641724788402922,-0.04624786026353779,-0.4445547344685368
-0.5690650009387201,-0.05353795861702236,-0.8538950162859222
-0.7728470681314421,-0.003512213012843206,-0.5689313864135995
-0.6677529729956045,0.15457410917446868,-0.9689243765031599
-0.6851614974166238,0.10127133539333392,-1.0111628715891745
-0.9128222962726186,-0.051657360680773645,-0.3314571955161471
-0.5389713576985516,-0.24221537460730755,0.009442703180740239
-2.113085554765921,-0.09521157031677677,-0.7254357853187535
-0.9015348893142864,-0.4695723216692772,-1.112277439804264
-1.0326658057687466,-0.13193586843306113,0.2218637096547627
0.9760584627224508,-1.0180227297459254,-7.344810883575387
-1.7281168335913126,-0.08991677065298757,-1.1408691757874168
-0.7254974004244161,-0.0523245013523687,-0.005247366347156785
-3.334617183763534,-0.7842575090179653,-3.985520234585285
-0.47063706554664714,0.8089266198179014,-1.4823080584744701
-0.3114216995359928,0.039908139553006615,-0.4267183408805988
-1.0688835007897608,-0.883876018881958,-1.5238296789586503
-0.7291688007965071,0.05259977423513598,-0.4674100340651997
-1.41995562733372,0.06133078823865834,0.21799115404452
-0.24295257688501726,-1.2492690689884125,-inf
-1.4473815838619026,-0.0076066530542110485,-1.636716884222997
-0.9861019728572139,0.4294400981563324,-0.9688786064726207
0.23857479007026133,0.02756622165070618,-1.2995039005156734
-0.3403796046186127,0.028352850207625575,-0.3781368846829938
-0.7815168791472817,-0.16343549645807676,-0.055535809836707146
-0.6482092051039224,-0.132477222626062,-0.5738361772099654
-1.068474755934843,-0.4490014466300439,-2.5549079032208577
0.36818704472139413,-0.12371250682444297,-2.7475253307300687
-0.14085003813491695,-0.19336421656676447,-1.5748228537276505
-1.315932592044341,-0.011775150265768492,0.012241142313325907
-1.356937530971961,0.129867230950663,-0.6010852441532865
-0.7752318899784233,0.016453996497160638,0.006955636146275184
-0.7298525142019299,0.12257293960024804,-0.004871766906367391
-3.33527667243688,-0.3347800902952811,-0.6686125060677571
-3.3408223042365814,-0.05992238534170009,-0.3581842315644071
-0.3099972106660192,-0.5431069850539232,-0.4731291068041151
0.011379119315659755,-0.0437081820469093,-0.3628787336823396
-0.6500017263819788,-0.007632845228329761,-0.8981044399425647
-2.138434263668653,0.07342036537032687,-0.5007350412084794
-0.5341609876666937,0.06947252422428177,-0.1767746241092346
-0.16029066100970016,0.17279818094735167,-0.8944757475212077
-1.7010843753769418,-0.03792384862416398,-0.5124331238411421
-0.17846761073762546,0.16869826534237195,-0.3248086853160504
-0.030783063146800592,0.04316911500942932,-0.07473471136359408
-0.24713542651447068,-0.062493213104336025,-0.18332589700111976
-0.7118370278360664,-0.3103930216186135,0.15544070496604287
-2.0779249559047006,-0.4786917779663079,-0.6119563843363309
-0.26836404257283575,0.07964835720472055,-0.010285006258870234
-0.9846210349988322,-0.08454662632452002,-0.7925250035224829
-0.6432629383418949,-0.05036220350283109,-0.4127825458016591
-1.5856560203510983,-0.24358078998635962,-1.5735269204527587
-0.5284366604427623,0.07763397892924931,-0.33088051636626836
-0.16285882041485877,0.12667863925933903,-2.3004812542774262
-0.09131844425677374,-0.14251043187382803,-3.668562896252513
-1.1915957124716952,-0.14499550520158838,-1.867150027140848
-0.2997433262295041,-0.09253585489196348,-2.518156076830708
-0.246105644500819,0.03329610251567139,-0.9901790464118272
0.5401670171273124,-0.35058089143459015,-0.94974752001244
-0.8111738481691322,0.2481001548140607,-2.342873363637032
0.09757810847824068,-0.20807995251319492,-0.6137981529011628
-1.029585141706311,0.018916396723154955,-0.11813527839276955
-2.7634225547626157,-0.06451725080026333,-0.378516244780256
-1.656422884043897,-0.30024497072131595,-0.9734024979022791
-0.9615264501257963,-0.11088351803182889,0.0013003320544390982
-0.2313367201386051,0.02513024288365784,-0.27999987222154643
-0.82966462501682,0.40996738864080273,-0.08685863271616513
0.41550527661278736,-0.3729441972651168,-1.310192421839736
-0.7382344431574426,0.059206476854498515,0.179733352375786
0.11991656631067898,-0.6941470335999755,-4.006058699725474
-1.04007470191841,-0.007081501279126298,0.07580482095290197
-2.8011240251391905,0.07025505861329831,-2.330730400414316
-1.6516897328843851,-0.0972539013238716,-0.9161002131373044
-1.4219361235671253,0.07883563217301072,-0.09242649658350086
-1.6862564925120551,0.0014217749970571148,0.2313498876297409
-0.730096657804085,0.15813561039481885,-4.261178040219335
-1.2461861199449227,0.02374018148051315,-0.10516694561894047
-0.9227438630790542,-0.2877673176657803,-0.8382455047929279
-0.1516051162889508,0.07281169626803596,0.004899435297824874
-0.8557606536196537,-0.023417179488547643,-0.4894639128854149
-1.0675349642016883,-0.009985559015886566,-0.04875767525540451
-1.4085415505115313,-0.17696740688059026,0.29187551019999536
-0.8851063125263072,-0.0041799560553449034,-0.11728014818467393
3.4260131784039407,1.1507806810163204,-inf
-0.8335692810363303,0.045115799274466725,-0.6712572778870053
-1.0794888288890119,-0.8898104058727039,-0.9351116178629488
-0.7637150673922501,-0.013627912666929691,-0.03297025899696838
-2.4402798849434166,-0.309695722310165,-0.8674051122840469
-0.06783322651607845,-0.03822015515790419,-0.4447376550434032
-1.557356030414227,-0.05419384019099897,-0.7921891641579769
-4.485060235088738,0.1410973910190766,0.42847133391541453
-2.051386449547714,0.41303907030936227,-1.773488652004902
-1.4783795067449244,-0.09903076400687894,-0.025282696629508862
-1.0620107067711504,-0.023955051718166514,-0.44233995793681846
-0.9838334031814153,-0.13198047546092792,-0.9430108975195463
-0.800227839628682,0.13474119052154732,-0.27532889919602344
0.1487102313986897,-0.2675030981966069,-0.9138623817054465
-1.4257484327519407,0.0836381605905649,0.024543069359066375
-2.4607451227202373,0.20141734721976903,-1.320536602586373
-0.34573554453185734,0.1523963097646329,-0.17343291821217754
-0.1606129798530725,0.009733270871200485,-5.106530350241931
-2.064462770919087,-0.02065673116636008,-0.4666967119255598
-2.4021680961565095,-0.08368545856463709,-4.92834752094858
-1.1206077447747371,-0.07662048392680339,-0.21766956463787063
-1.5066209543109375,-0.28578114845501923,0.08768432691735138
-0.2531896309828086,-0.1721866331316522,0.020108543069352745
0.16286235469173632,-0.8716619068179132,-2.8939325143037897
-1.6067839253490777,-0.12380972828398609,-1.2910894395659884
-2.9075394455584234,0.24363139146806756,-0.2511173174806627
0.44986022459089364,0.03805945101176101,-5.682544288604788
0.2982169529513444,-0.2826570592194097,-1.078642229546358
-0.03751803093643351,-0.07860878502752645,-1.750221708782642
-1.5227334591120671,0.2728328842542303,-0.08850132471342596
-1.8000857733751088,0.3455206002567846,-0.5142326794956483
-2.0814976822679205,0.0014158559645189113,-0.1825536065621132
-0.31299541893930755,0.26889958527935615,-4.690635101231638
0.31627440345785324,-0.08000667177333691,-inf
-0.14900438074008684,0.03668197657819544,-0.6206350010000055
-1.473909056129202,-0.17513220006697441,-0.1945615507264605
-1.1754661452537016,0.7001191033642048,-2.4679087653673326
-1.5547913783562923,0.07155685790227191,0.11827152070447222
-0.922363968130914,-0.021037694003502156,-0.3009554832005215
-0.5032253157091426,1.051726153362246,-2.438968546643987
-0.4775592822955711,0.0971035908714746,-0.5046863966885045
-1.7712800242866917,0.13737876824840956,-0.3489015564977476
-0.7955056318126678,0.1189220355149368,-0.2853928725221686
-2.993734814951967,0.14169334881115167,-1.364082757685342
-1.9372386587661405,-0.23136864908382607,-2.9265056221636865
-2.400468528439166,0.3461006013901478,-inf
-0.7061428335813287,0.07408585201409723,-0.9497227778811722
-1.4478918643149703,0.05566360154778702,0.08619815044825363
0.6905151730885141,-1.050267412662808,-2.7587777970177596
-1.0511422575444658,-0.22306757551837322,-0.6320002078000754
-1.7697433044761681,-0.6564503401910171,-1.4635739986731044
-0.4780768328912703,-0.04771098528028966,-0.1345399975083533
-1.4325758445383818,0.12423714906137447,-1.5509908828158336
1.2446801551317446,-0.9382152289487624,-1.5781869236005956
-1.043922786751583,-0.04936037419599261,-0.24801020059237922
-0.19630414077686756,0.0031559090129496424,-0.04115149878328169
-0.17738766650359422,-0.16447110017618466,-0.49046039668515445
-0.5540067351699604,0.1309174779139359,-0.6804760998851226
-1.2873271382830629,0.07176430061702341,0.013495663823703135
-0.7347231154827947,-0.08615197324859497,-0.11321302335184176
-0.6386191943905917,0.45763882522550486,-0.13453838922172268
0.43153793301649657,-0.4937776893658892,-inf
0.44179543474801075,-0.019395797677665427,-4.190127052662203
-1.8909220865097156,0.28282572132311495,-4.597055156319006
-2.3829481342717815,-0.5660087853502807,-inf
-0.022293065321446752,0.20228532946775435,-4.6174070892511905
-0.3268022125145737,-0.05068848383305866,-0.004916116152570907
-0.6120920780398269,0.4780566983765924,-0.3057736666926641
-0.8737822484374835,-0.20743351189471576,0.29937161633560444
-0.6704666130605736,0.016025588763166163,0.004979218992668993
0.8808428038792814,0.14263381426774907,-2.8068689693913194
-0.2255809378959086,0.01443731502191132,0.01771874612097711
-0.31464606664718026,-0.5452270497429608,-2.441396892502276
-0.18884599086412973,0.010442650467457508,-0.34748348172277155
-1.0370026722505044,-0.11533283493828633,-0.44441539718720935
-1.2334145131043848,0.4824762638705634,-0.1854843017901413
-0.5414818543576757,0.13295400030024088,-0.34735476365461965
-0.6222478340487515,0.09027970558371166,-1.1679579764866754
2.4227167723698684,0.5979555876445231,-inf
-1.7319215055649695,-0.28007216382576905,0.13434664392816995
-1.2422932571919207,0.001826436077875667,-0.33107771977605405
-0.6096192235267686,0.07084428273376203,-0.29718748382171223
-0.3796118936878061,-0.002784030952712997,0.020364489618325217
-1.4117852419609425,-0.0032138539301799036,0.004681148299971366
-1.9907057799976327,-0.2075760307970694,-0.3804951776067462
1.6253059189054944,0.16127713781446254,-6.01768437930188
-0.9299940421403966,0.971134137476317,-1.7606095092159988
-0.10360884756230655,-0.0005375780100967903,-0.0015978410002658178
-0.3618189397087065,0.01875490584989817,-0.21801047675024174
0.41488096662854884,0.012267748606453998,-2.3998793440829926
-3.2601558648704123,0.45183035761932816,-1.7857500836139617
-1.360258127668226,0.5043996528697541,-1.106353591175385
-0.950524725916821,0.3516500869735377,-3.015020482999237
3.538503249074803,2.472223341520168,-inf
-2.096310657467755,-0.2762114868172069,-inf
-1.297583517429302,0.565444767303324,-inf
-2.3302808223205345,-0.8750569040997975,-inf
-3.0865895719531937,-0.3406419770708341,-inf
-4.282999755825653,-2.154673309615378,-inf
-2.035446684047066,0.9775985872264318,-inf
-0.5996559115382166,-0.02420756975443949,-7.513047061397527
0.39612395635270337,1.3315541683940555,-inf
-1.8258126255944545,-0.11418209815726184,-1.6934216904975967
-1.4698999448735148,0.09354904057134421,-inf
-1.9363653123451647,-0.41816227941522643,-inf
-1.3931623769031753,0.011914560873299902,-5.653821943003929
-1.8311391958759418,0.017059462835057798,-inf
-0.8247310612582522,-0.043694931993235736,-5.5066525158281046
-2.4166517396065563,-0.03199552969174785,-inf
-1.7168651485532818,0.30144832401119076,-0.7320724132149511
-0.2784993617409186,0.298578554274149,-1.8848950886482672
-2.9347414420957554,-0.3038630627919092,-inf
-1.8195971262646131,0.43577835123867825,-0.915806484175257
-1.9528499819820435,-0.23704511995638713,-3.398106435471864
-1.5885173636578889,-0.26306564718873676,-1.0189303879661544
-1.2256890121777464,-0.166819331123452,-0.565523047754146
-0.2920934439659604,-0.030410170344538218,-1.8889053667085647
-0.31231605099635223,0.3231839870864533,-2.297658252102067
-0.963125215665144,-0.1000890571647962,-0.15223679941985052
-1.9062268987167408,0.5885539377519231,-1.0805430889452632
-4.682914993948372,-0.4494569223309104,-inf
-2.626463725398341,0.49633949028746943,-inf
-1.8940130910603998,0.012426676022394403,-inf
0.7019524342879196,0.7444286694978766,-inf
-2.2046208972297703,-0.4324956761162226,-inf
-1.6250230168801414,0.802098547348474,-7.075312484158542
-1.7026384226487659,-0.6285810259889293,-inf
-1.6648882060484844,0.2604883206960076,-3.424926865119698
-1.588072093232979,0.1258481654913744,-1.0434723622581572
-1.8026831931707963,0.25775844950398535,-0.7403267840106914
-1.5491670361699126,0.9077087840120845,-1.0140122267707092
-1.769439536832264,0.8494422143327885,-1.170195584614485
-1.6469058505968492,0.3424019127456472,-1.2567984858646204
0.5668714422839457,1.4555030270958924,-inf
-1.7527462294306366,0.18267233771059382,-0.6692016388728317
-0.3009368451791608,0.22291168825650018,-1.8096102630359914
-1.7793516106125793,0.36853427762383817,-0.785767636506102
-0.2739798034929694,0.16213303259872353,-1.7142290934327407
1.9621763121283318,0.6179038497960535,-inf
4.293838257571697,1.3648688639091826,-inf
-0.2955440534575021,0.2747467657056016,-1.8209764172044867
0.24069332618951997,0.7604841910523978,-5.990782862386939
0.4963697045185798,0.8334155857368049,-6.443012862153853
0.11110977794192514,0.2849642868301197,-5.0671014827084715
0.4966646016799561,0.5097728507295257,-5.3207735021896365
5.135373472844259,-0.37958359046281387,-inf
2.213594228708635,1.5652976089873551,-inf
2.0225852780462823,0.7230791524034815,-6.062333701442227
0.6797856990885225,0.8833639391897719,-6.408908647733384
0.593118019001401,0.6459097563551496,-5.99797727581675
0.35410264237670547,0.40266533323369763,-4.989701172850067
-2.160008744966543,-0.08519105696025216,-0.578154416170101
0.2561576113718098,0.6082651413691986,-6.262327416687717
1.8284205772014066,-0.005071018983023464,-7.035291100558235
1.3699561349636016,2.761421865999425,-inf
0.26761738855280265,0.15932416211198655,-4.849564131271651
-0.42089688038724193,1.7128343658076663,-0.6621674041808601
2.5398845760688817,2.105270660409496,-inf
1.3255870019762181,-0.1475777606853105,-5.434378007877879
0.9091062497888405,-0.6642265782256216,-4.812126121175391
2.268897259497813,0.42556556190084854,-6.361753173877617
0.9253942933926766,-0.21491154237348115,-4.900684110187862
0.5730821845463059,0.8615949637301701,-4.19838491692611
1.9235352584300172,0.12228294351708073,-5.422776335817747
1.3312610445698294,-0.017382543164100168,-4.982359491710525
1.7898134914683115,1.4474415926647106,-inf
2.036361736831346,0.3631648274835585,-6.133039886096821
1.5910077498684494,0.2821871776060728,-5.5722580844170855
0.054049379519516404,1.2158938263156427,-inf
-3.539618267156831,-1.0239654111663494,-inf
1.7923034804569427,0.27725717923943966,-5.385230350162856
1.1799749719693762,0.09668661036055393,-5.064107342570734
-2.3467474523287817,-1.091506559093534,-inf
2.9333109030591036,3.2443880713070063,-inf
1.6699608569435511,0.26110843109392645,-inf
-2.672732255251442,3.8149743168712633,-inf
-3.223628932804337,4.50981012832682,-inf
0.7413717625434294,0.028424355146085305,-7.381864884553415
0.5611603787578965,-0.20520989638774115,-6.318664191646992
4.349084673761406,1.341964417621728,-inf
-0.8345058682825297,0.3325602630811125,-4.472443660772581
-5.321397347490229,1.5089489266352532,-inf
-1.2882505744488622,0.09163733790296447,-0.7422337863157341
-4.679271993593739,-0.15687471971154673,-inf
2.5130361310739597,3.5498029005032588,-inf
-0.44310289937877384,0.9746056108748059,-7.075312484158542
-1.7668664098958866,1.5190032452188764,-0.34139635336614316
-5.488016505499849,0.09381218880942217,-inf
-2.39141565107861,0.08961923857173074,-0.7184446864867258
-3.861544109997144,0.32365357252502136,-inf
-2.8633316127076274,2.708124414873446,-inf
-3.0875235867698216,4.188116081393436,-inf
-2.5585960421234626,-0.2884161263112413,-inf
0.1833641389313489,0.3983754064544925,-6.17253427057726
-4.582174580346647,1.0403418009682328,-inf
-0.06938487915168975,0.47762846095692096,-6.4796146535726855
-4.769162549243747,-0.34228984271277374,-inf
-3.367331875295682,1.3121998160022283,-inf
-2.7744065986495166,-0.7460020665906841,-inf
0.3988245211809647,0.7061827583633934,-6.43138440124791
-3.335972430756236,-0.3930234334501157,-inf
-2.9601678346415454,-0.21735890410095185,-inf
-0.04952853445989769,0.46456479504528464,-inf
-2.9379137063718965,-0.41216723031403774,-inf
-0.014465760759352653,1.9153027416985466,-inf
0.09203219975249238,0.4808458684804135,-6.099387881229685
0.065726774624233,0.93991924143395,-6.0355892099591415
0.01353279871075089,0.09326034473645269,-5.140998996346766
0.28409451173482186,0.866122006079685,-6.485984181362596
0.353904174440267,0.6709498865044149,-6.547285476533005
0.29858232881048025,0.517132225871432,-5.480237476371623
0.15766449001807348,0.2681389310197185,-5.032653683852359
-2.6808428716687533,0.40861632188290375,-inf
-3.737012416881738,5.144930998692709,-inf
-0.42234186597895435,-0.0652355886074561,-5.191317278903515
0.7031135442749364,0.45910577688468535,-5.924016719044605
-1.7873464136397264,0.17452572147392095,-0.5873816245690898
0.26941824478918996,0.7349697294808099,-6.01768437930188
0.3478123216270318,0.8569225832180054,-6.561992448925037
1.9051493008655345,0.2364045524681053,-6.287542932908448
0.37422460698696697,0.782859072414509,-6.608901915956269
0.11777947330590659,0.5091503838002702,-6.123635175414377
-0.4179917797275448,0.39771860586240176,-6.162364383742389
0.7504714980260395,0.8835112346661754,-6.102355263890796
0.5733548962457102,0.8084787821718858,-6.414433580727878
0.4142278040319264,0.7307199212699685,-5.899621458136883
0.35366483548038685,0.5058913677861404,-6.230570594623981
-0.15331921163787587,0.9581832889693002,-6.642813273715132
1.0383125784055054,0.8232851487336951,-6.314097934989624
-0.0816460173543241,0.7661655786361709,-6.403444097566087
0.009321261997880144,0.8004937625959155,-6.57714515348941
-0.019972284295897987,0.4505753206452214,-6.448930105867466
1.1617118545976624,0.06124912562814629,-5.039711262068077
0.23456650907635856,0.42488240441273417,-5.5490914633628865
-0.0430568722581339,0.1710254834502499,-5.554037176611038
-0.07305821650764784,0.24152203489155039,-5.235568554521505
-0.3654741784362784,-0.07019420115967707,-5.0735241892824385
0.09716521123456483,0.4707854723248444,-6.309573002319912
0.07954693330540574,0.30855806543579667,-5.905609598364058
0.11978981663719157,0.7194856782069012,-6.492435898681746
0.1899497312926399,0.7634073525276959,-5.99797727581675
0.49742739128282476,0.5326281242014945,-5.692934392058874
0.13924053341255838,0.8014975001392821,-6.512306107697502
0.6335537036585188,0.6852091908964533,-6.51910894863917
0.7119280116880906,0.4088927063642477,-6.266442681149494
0.37793302328668904,0.8548390044566929,-6.193516459521093
-0.03491808720067821,0.3876455196713772,-4.101484923749498
0.24022246648419457,0.7695530933881974,-6.532998760481977
0.37934967366627476,0.653964382869556,-6.5260056245806615
1.7726932937587838,-0.4792113379914202,-7.166473322199008
0.6042426379116334,0.8073809247544038,-6.87257975135504
0.7411775953183454,0.8029928851400384,-6.886665204687087
0.6555173841866113,0.9610549099267575,-7.42188625329135
0.5173595661552245,0.8977147456011914,-5.715757399126293
0.13944263738690219,0.5255032760880374,-6.102355263890796
-0.7154396290251229,0.020198139153717765,-3.692026563740721
-0.6402083846344689,-0.14247974660888332,-3.6224762309159755
-0.7683774017524868,-0.06483206201521229,-3.6621854387460453
0.653000148717953,0.9104839184461099,-6.266442681149494
1.9006615756564282,0.09365234111658,-5.297626293948556
-1.7827801248642212,-0.37414867338536656,-3.9214470157970545
-0.6020295887192059,-0.05135245782687289,-3.6854162464794404
-0.676798505827583,0.15329314232580277,-3.7508144856215866
0.32805465458269367,0.49903431178395213,-6.0734453294447786
-0.15134798241997083,0.20399202311755513,-4.397042176634202
0.08982455158758096,0.6143129614225252,-6.287542932908448
0.9744493850298694,0.5564993854778477,-6.366778356714887
-0.7514063679281646,0.060198951501021336,-3.3727758155124548
1.1472557154254701,0.2658795550166237,-5.392373477805316
0.2780552178518392,0.8150943921980609,-6.215417860271224
0.19329763933958088,0.44240368602557095,-5.251596014712842
0.5173851416435975,0.8750674196596204,-6.048782662047115
0.09634123022169627,0.5863212934855786,-6.11136456134574
0.3957635928485167,0.9291735324694725,-5.938817058229856
-0.3576624724989013,0.31631379916706115,-4.377190643002701
0.30209324347290706,0.8212929067900517,-6.569511402508498
0.12966023430661824,1.1179854879063484,-6.337358017296181
1.0997622587884666,0.6110381157192656,-5.9675227055569255
-0.16003343198303668,0.41852387699468957,-4.3029582449271295
-1.661618664986991,0.8113478833714921,-0.8519579954998487
1.235487386347129,0.12213127944624727,-5.273230585997955
1.675830643482728,0.2563330970164844,-4.4382093428489
-0.3575777545466572,-0.35167020505212365,-7.42188625329135
1.0441705259581395,0.8718013807772153,-7.054901472036048
-0.9996925700388596,0.5385504847739118,-0.429769427910788
0.27309551157953743,0.743619158884993,-6.63411738745801
0.0060289338530065874,0.8928544568043625,-6.66067234480161
0.3472097887694773,0.6380895146278855,-6.540091092878961
0.8628263016398252,-0.5437401614374012,-4.933781086032417
0.9750619345910537,0.47846384227742483,-6.234431632564991
1.0565935164191362,0.6701627687309581,-6.250181025699547
2.2517220199305767,0.4581736650755218,-6.43138440124791
0.7489362653580893,0.6403907911730092,-4.004890297260011
0.11735191488716219,0.49674665977839144,-6.296238834074976
-0.14495423791837733,0.6643989537166023,-6.651663077149387
0.40925765122513286,0.8601973460329402,-6.561992448925037
0.8083370012642849,0.515115735102225,-6.492435898681746
-0.21898006717320362,0.5260204269836518,-6.819899433895545
0.6312115129596739,1.3282049936475824,-4.647789095115443
0.5546716976776661,0.7527207258131707,-7.2191536097785205
0.6917395950061286,1.1442640640257116,-6.698426180677355
-1.3186009675564014,0.07299682530915397,-5.956286203128736
0.0008164380046368515,0.36963313291527067,-4.193584002436834
0.15270400653156704,0.24889787898175494,-5.043277760015291
1.9674014617110085,0.5028078375412928,-6.376982822352103
0.27308075445875846,0.5157436784517714,-5.986043460602764
0.03619706787065046,0.9120603516579974,-6.492435898681746
0.5487855736424483,0.9187858872088761,-6.0819441623381945
1.5017745070659445,0.5773706183581544,-5.919867287830809
-1.5022690983351132,0.41920499308564857,-7.9711925170675535
1.7647018445502665,-0.07232620183777921,-6.314097934989624
-0.10888429525386908,0.7341660638073362,-6.165731414734246
0.29819128519642635,0.8651136750665315,-6.1491185164080635
-0.7347594754796218,0.27685560493447536,-inf
0.8152358318279784,0.8594390968119053,-6.886665204687087
-0.381364704083849,0.8336501568924128,-7.035291100558235
1.8443300123172934,0.5437662033394574,-6.123635175414377
-1.226892223271527,-0.16970060010627872,-0.4794006328653323
-1.717466834597759,0.5845330559628785,-0.8165247157989327
-1.7745802463624525,0.23136728203779636,-0.7690828070581514
-1.2360783605679952,-0.1422818649807747,-0.5766773516802407
-1.8160726295487704,0.7342572463538244,-1.0116024691364685
0.2617951677616245,0.4513878341488037,-5.4559644961493365
1.1227392230266493,0.06044337958903707,-5.18272901328785
0.5163191634891988,0.8260969944040304,-6.366778356714887
0.9021349389985637,0.5820953021621801,-6.278995686426371
-1.3888246827268824,-0.28222896000245234,-1.0639124958434536
-1.621267681142811,0.8387915278993755,-0.8991413059146256
0.6998619030091308,0.8910235669813489,-6.366778356714887
-0.028427058164470775,0.7526428308173169,-6.025279506747934
0.9573480937414065,0.5158562118285593,-6.398038624612777
0.2432302953037783,0.2706893529794595,-4.471644195769204
-0.07514703127160227,0.2009301336348715,-5.282962113860648
0.5422939746783827,0.8588358220110567,-6.309573002319912
0.4323591110868214,1.0010822628594822,-6.2043472526084065
0.3674808616322964,0.8612031801745743,-6.332618630417701
-1.7422050716853321,0.9177703910179834,-1.256959348381982
-2.10428595483258,0.028215194975463844,-0.8985047343905012
-1.710654228102228,1.0959187039582376,-1.2236514445379463
1.6220099005844792,0.7139434957206652,-5.597633866016472
1.4541921877193928,0.5295804697513999,-4.82445068986302
0.41912697002906657,0.950936868033164,-6.254197126449395
-0.4947824014345992,0.20917275288227255,-3.8319660163854983
-0.10806824964980337,0.29707850406110725,-6.498971954354364
0.11378811793073355,0.05848168383286569,-1.2700847526504284
0.09874089944793371,-0.16704864511754688,-6.296238834074976
0.10105623370900842,0.6455286851829318,-5.995567617697523
-0.09467635277584613,0.49511459357168,-5.136234829302533
1.057542854380809,0.5541371365443596,-6.314097934989624
3.7493038900311038,-0.3035280810194735,-inf
2.007587405050746,-1.639456821031081,-inf
-1.989778495306771,0.47661901520097294,-1.4945444626506699
-2.262966653106239,0.07561977214029822,-1.309811746786178
-1.797152316795703,0.6565750479908912,-1.3632261401699417
-2.069928799313921,0.7245002213294741,-1.498586864629816
0.539012656128448,0.04129003158236911,-5.601991251675174
0.3102709362795386,0.4979199515833924,-6.070644186769173
0.3607468234648966,0.30619191497167,-5.5269508337973905
-1.8344964974111164,0.8975565133646166,-1.3679199382793363
-1.980906973862367,0.5931253362278883,-1.5761006560386066
-1.6984925678598024,0.8175308033435721,-0.9895361741154155
0.2608825688539273,0.5861937570295346,-6.392690965163108
-1.7296887711965023,0.5544821878933215,-1.3342132795546504
0.2707665386218697,-0.10826503910792089,-6.8325583527649885
-0.2311386358999063,0.4926104607470366,-4.87523788817028
0.4607470125172568,0.7190857301815495,-6.366778356714887
0.1924553243684786,0.8103357360230234,-7.85962072609019
-0.06613547443710951,0.8840460368403785,-6.1083433892277785
0.763458274129561,0.9205374856565477,-6.346973728053498
-0.0023331090766116067,0.24165378504623536,-4.626811697718076
0.41823134062526457,0.8904078496383895,-7.691384577897428
-1.7385001347108715,0.3429357633103016,-1.149730929916296
0.6232395964928763,0.7896965530317179,-6.250181025699547
-4.182387167958403,-1.0533891827884136,-inf
0.10683614882080268,0.7882107403972851,-6.901158988051498
-0.17618762441609262,-0.46327198819802745,-3.960834885210942
-2.5841187543596886,0.03997794353411246,-1.1870448756688727
0.8003014310482488,0.8426626785644475,-6.1205391754006815
1.9273957803372272,0.14137551250771055,-5.390219804500768
2.053472973476792,0.33120225414980087,-6.234431632564991
-1.1143316795541005,-0.0803344567902961,-0.42659315323929436
0.20839060421417238,1.014503085046677,-6.392690965163108
0.31207006434858575,1.0008102274775785,-6.21916321102307
0.017706109697977597,0.5166426271713943,-6.414433580727878
-1.7442615132447405,0.4445843290365692,-0.8892763952175164
1.8244302766204967,-0.2043156560149364,-7.513047061397527
-0.09620424864358797,0.11070166295298618,-5.2119495153381
0.16445847118764156,0.9541950027293566,-6.8325583527649885
1.2694050581950267,0.6003063263026494,-7.192119984244936
-0.13357569560655297,0.7097793065144609,-6.323272534100584
0.22909194756492765,2.8272514246850613,-3.6482144479500542
-0.9398846082719103,0.04684162237887001,-0.026750461506742346
-2.1893506211651292,0.17314808686428293,-0.37552784306349685
-0.03406775850377573,1.232534308764149,-inf
0.09542375679743016,0.4013744114289679,-5.363713730257427
-2.52546863751469,0.1292630771609424,-3.0714240042118863
-1.2311802079273402,0.6385352039275974,-2.941251215070539
0.03802964657057443,0.5087906871491537,-6.351851830427298
-0.06840321744355564,0.5343419752469989,-5.1462485672183504
0.6050410392116532,0.01309847485918236,-5.9540688896894025
0.19080835085314865,0.4813448563974065,-6.467113972679082
0.0015918618941286322,0.33348905234553133,-3.495693455249776
0.2238922273401598,1.013475375207345,-6.356777993568362
-1.6960003345604586,-0.17057104825974279,-0.5093952441561048
-0.8030939394967784,-0.04054872179121307,-inf
0.3550720834277542,0.7217670370670178,-7.096592306226932
-0.5266689094278579,0.14221868933754936,-0.44469076725288764
0.0386781108956969,0.822534791402435,-6.437164827349399
-0.6597592930584391,-0.037524331814050224,-4.694005984333264
-0.39752804346870313,0.2838676785569057,-0.440251370455748
-0.40153606455852975,0.22001128561497002,-0.4528914339696365
1.3876199018839825,0.473454671669812,-4.722954149315911
-0.5877214425961415,0.04236618919155214,-1.0682058764433977
-0.07455450217333721,0.8079330461542418,-6.126750465196748
0.15818825505828607,0.6010366055636761,-6.0819441623381945
0.6809210465621431,0.8179492808108425,-7.9711925170675535
0.040968715073139456,0.8628757803737969,-6.460978911459121
0.653184077094228,0.8310070723885724,-7.85962072609019
0.17519517324389003,0.21150493692584268,-5.104503519816038
-0.14897737015562945,0.32854128967383867,-3.468065656997547
-0.054337858502473156,0.6619355991509165,-6.155697588499115
0.5953323349442325,0.4197252230077009,-5.99797727581675
0.3990888493913152,0.8540597578918551,-6.498971954354364
0.8673844232366091,0.17277913098399972,-5.717132930713553
0.12044448182245211,0.7762647118270257,-6.356777993568362
1.5240887417332183,0.8281541963611049,-6.592771455029514
-1.572863532953381,-0.6417122819276271,-0.6750524459114248
0.12429500042787113,0.794224106556413,-6.11136456134574
-2.591420268099303,-0.28697405314614444,-1.0845443678080318
0.42116199218758693,0.016947198563284072,-5.945296675254848
0.23441991565685483,0.0022277449789215014,-6.062333701442227
-0.007627138682711275,-0.09199759100099318,-5.278358970196564
-0.4586403034849474,-0.0686733141088645,-5.212451286428322
-0.2073703577135863,0.23556699527521158,-6.238322717687237
1.6489897768076822,-0.7481801360289191,-5.092117286712529
0.06181705651026688,0.5313838667317783,-6.117462227700761
0.04058695769865948,0.3075765559831897,-5.2488888410095536
-1.812314605942788,0.552580863632167,-1.0858009560235717
-1.8284643146821131,0.5313179301746311,-0.6681271155978482
0.5077312176831025,3.722098978601943,-3.8060259133547665
0.1087845443472655,0.4720125898822617,-6.403444097566087
-2.846464188511483,0.07364538569306638,-2.1124296768542963
-0.9875543396508878,0.4679724619285297,-0.6112881376985403
0.6723574629253842,2.5350911661361173,-3.622769008443175
-0.7327767924356513,-0.21022466190546774,-1.3884790014770627
-1.8494095357942226,0.2869186169977641,-1.198282362331735
2.016224991796225,0.7498575251922782,-6.1794309614394995
0.10081871211995601,0.7260114306878619,-6.376982822352103
-0.5511389586092155,-0.6449890361933085,-inf
0.20207848166211642,0.6192521037329226,-6.02273495709295
1.3061438819686826,-0.2559488487243914,-5.42661372770013
-0.5408399245995762,1.0972149966591187,-2.8716684664811276
-1.7340492797519964,0.1624086691013331,-0.5114808273514185
0.23859236869584163,0.720751621490462,-6.473325247568059
0.26146141493492364,0.3447413956766955,-6.10534036228525
-1.0452548077918595,0.12747313652118275,0.014390304200012166
0.07322756199109162,0.4671588178481653,-5.627811022801186
0.2689863655005569,0.6485617409915609,-5.148010743184638
0.11405392504530301,0.5253645872893692,-6.274776237202225
0.5586053333280268,1.0750009458717844,-6.366778356714887
0.3193888802122459,0.7565692533833843,-6.532998760481977
-1.8656019129485837,-0.006325668275561524,-0.8099618149081524
0.11468290811343382,0.4533700081658561,-6.246196925981133
3.2433765417506994,0.978763825486625,-inf
2.7188989043875837,0.979837635992794,-inf
-1.5980389613146202,-0.06964179819872215,-1.292746699169941
0.1542491932876245,0.7655353835235219,-6.4796146535726855
-1.8163889897113537,0.6901972600405645,-0.9721522917385509
1.6818395850739092,-0.361359978246628,-7.192119984244936
-1.2032020779378825,-0.2572315026123394,-0.6959545751136973
-1.789695508268675,0.7738685542704394,-0.7000466960539292
-1.5483960435074724,-0.06319693580897918,-1.1990841357243154
0.8318770637445307,0.41534172466053154,-5.137962006344082
1.1921032985273246,0.3853542964327403,-7.42188625329135
0.8529844537576021,0.444028650614645,-8.664339742098155
-0.1593665258361779,0.6232621921578142,-6.254197126449395
-1.7285195684524246,1.0633552165259075,-1.1592050246934797
0.23391959611508234,0.47016883060774267,-5.284699276700448
0.4479884755859602,0.3559069652352042,-7.768459932823093
-0.08095277588269192,0.20346005709839676,-4.136200531941151
-1.9504631709648979,0.0529290736763901,-0.39175353682844466
-1.8753669231205778,0.15285661500357936,-0.7583738416172479
-2.4216554325199513,0.11152692934581265,-0.5729042997765308
1.4766407579283833,0.059963458610695027,-5.839848405964466
0.04395644237232904,0.4396431608394926,-4.507475401809525
-1.892111306708467,0.2733676729510197,-0.7630220420362815
-1.6768936036661126,0.38639960757939384,-0.5001690345130216
-1.1813139526371024,0.36847434043996924,-0.46292826361967643
-1.630374650106442,0.4026173796942245,-0.362133387229801
0.3504986310014965,0.9942706242218102,-7.85962072609019
-1.6532907966138721,0.10984356296317527,-0.5816457607205607
-0.5336725240276421,-0.08979744497017517,-2.581434292734025
-1.2764825652407228,-0.27286698170806456,-1.4468450916794222
-1.781682071692012,0.4817446991402268,-0.6467918319486959
-0.48515308963785553,0.9450879109107191,-4.245832240586547
-0.41774502503846944,0.8777003790803157,-3.547727728105925
-1.8773480795087059,-0.1322879173055688,-0.7205294523326162
2.923461362899203,0.38267609550153203,-8.115033567651334
2.117772301281202,0.01722521058231148,-7.344810883575387
-0.6041594195521304,0.020183777894419642,-0.43288619589670513
-0.7112822931513574,0.5263765525745704,-2.3982314176615374
0.6668084452232161,0.6657048186390295,-4.496202177429124
1.692899639397885,0.11956638525939364,-7.42188625329135
0.03761160804234372,0.2175723733595584,-4.244743561474008
-0.3060222566648612,1.4090193639600297,-3.2180107419962196
-0.1640596361883455,-0.14964613230467022,-0.20292550359987768
-0.4907720793176301,0.9156678674554388,-4.294398406761244
-1.884584702222297,0.2518665428212254,-0.7849314548211305
-0.3682772565242007,1.2727254946196467,-3.416181608453456
-0.5476273776036419,0.24210683474556857,-1.454159691543795
-0.6119202366821249,0.135125641969422,-1.392679552128797
-0.5974837273763944,0.28760029385412855,-1.4782910125745066
-0.5379189322004404,0.23639863063639233,-1.769679167288158
-0.8900651324075683,0.3345425999331344,-1.5269749227825593
-0.5468884813357386,0.21205089032976002,-1.4365853020411636
-0.5634646376055781,0.16069581607724823,-1.369950904619713
-0.5143246196064654,0.15813318136719662,-1.3988188526332967
-0.8535515432027346,0.7083742159175986,-0.4378272540234356
-0.6086266833847551,0.4689912703803836,-1.3696042400285036
-0.6618123602621436,0.06293084082931877,-1.273151633053242
-0.2166513575050042,0.3451822132154986,-1.5549389913923215
-0.6094031641347775,0.0627634074484984,-4.631974131174063
-0.5808994850080944,0.26465628862269325,-1.4495390460944486
-0.5256623660032868,0.3467649557499149,-1.4821154553807463
-0.27593589019560677,-0.1474471825735542,-6.043463433142098
2.2862665950505323,0.9759326860734087,-6.783739058380535
0.436939953877055,0.8614781017452263,-5.976697334487433
0.4167835043434032,0.8998622889606341,-6.43138440124791
-0.39963963669453056,0.37403126122684466,-3.728104078413786
0.28576292949102733,0.7858116880063094,-5.949663545045801
2.8603252107809656,0.3638441810084027,-7.9711925170675535
0.6820500185015396,0.7143577404594946,-8.31776613691702
-2.4852937972797844,3.7381174348043746,-inf
0.29688952886011694,0.43857201453359324,-5.196639215364302
-1.3762362640206804,-0.14510517326014477,-0.4388678557089658
0.6810823276435857,0.3618297465392036,-6.155697588499115
-1.1337210335517456,-0.12414119600304604,-0.44960315655979916
-0.11504012638671175,0.3069317348832221,-5.245123253596963
-0.7034432329951894,-0.0851407901300818,-1.8308181261615095
-1.3058275985242547,-0.30145868878319493,-0.4256159494328942
-0.44778298125859467,0.4969352808596086,-6.126750465196748
0.20860146672678334,-0.042209085039527874,-7.344810883575387
0.38609544354035,0.7069380994658877,-7.465391956602665
-0.1908375366230986,-0.2177417227611171,-6.886665204687087
0.4430401434741145,0.6232670034750313,-5.86884227321674
-0.658665277083003,0.7528424459493623,-5.8074688391693305
-1.7554939026380185,0.05785333759034475,-0.5922605519063596
0.4935797810570963,0.6043410118280622,-7.565727334117257
-1.4667390056368361,-0.08342835535737388,-0.10907635443603435
0.9420677385775726,0.14377348867214917,-6.608901915956269
-1.5390932350299262,-0.043234903337152235,-0.7519657605895259
0.7945794799016097,1.0872845745302562,-5.315193644953836
-1.9042942948489059,0.18420080251245002,-1.3569214275713206
0.8093130846431251,0.3096636571707438,-2.4620953125903995
-0.23627805560245937,-0.040110933360125535,-4.755691363292952
-0.7207435310371397,1.0929930767456242,-6.669846929053827
-0.7135359528422139,0.6150957231891169,-0.3476502580322688
-0.6183823561222531,0.14233832108890412,-0.6473737249329162
-1.0729395883458035,0.1268109484967589,0.0227643841860803
0.39201663612102833,0.47729541755547517,-7.2191536097785205
-1.9353645204485217,0.03934168866718235,-0.6637448301158388
5.27664365794352,-7.016420921665638,-inf
-2.1829817853975593,-0.7335007754850589,-4.753080197572907
-0.8962019644282913,0.056536698154092055,-0.3423698154701948
-0.871393267123457,-0.003536496153613857,-0.6531342260037549
0.33406270699880486,0.27779816127391826,-5.138394734384777
0.709405937773775,0.8365105336631848,-8.664339742098155
0.8112699521413864,0.5681463667708253,-7.513047061397527
0.6601538934366188,0.6131215096443345,-7.310314432930744
0.5036013594871815,0.42839454649948,-7.42188625329135
1.3414482025896022,0.23523628190382148,-8.664339742098155
0.8489553496453921,0.2932883617368648,-7.2191536097785205
0.7541545917992163,2.7584412524859445,-4.136842881750772
5.809121748137866,-0.38043211615718114,-inf
1.8337277145536222,1.886599063842611,-inf
-0.13155574431820238,1.7417552361318624,-3.9718894829265734
1.9096695112194684,0.9638420953695961,-inf
3.7414472006099935,1.6470522753548993,-inf
-0.4739780796839133,0.9858888379810737,-5.032303406239216
-0.4312797026739262,0.9717907016976957,-4.274926003161847
-0.5314229856226022,0.7870001558428664,-4.922409903296828
6.234431632564991,inf,-inf
-0.9956198470810772,-0.1284724594195952,-3.8649939201154817
4.859130861492815,5.580574403646829,-inf
4.309269400059643,5.643017066729907,-inf
-0.5875675959730725,0.4606609936727335,-3.4065256506330606
-0.5361560081584734,0.6189315690257943,-4.065565094689524
-0.5847323154193025,0.8182907446039431,-3.8174063434472396
-1.9904514397809112,0.08304485175808657,-0.4928247203049053
5.396708854485662,6.454918216291888,-inf
3.9910782376113776,4.528251634250243,-inf
-0.42509291382855385,1.0222479706198626,-4.251238011955469
-0.5119304089082706,0.8856518003591128,-4.2312254419109205
4.970461056601852,inf,-inf
-0.5224431141042319,0.8360569788575803,-4.028651838678346
-0.49075175112972463,0.679673971185649,-4.719195847858234
3.4575177316088412,4.871669876431998,-inf
-0.555233968615981,0.36114176025239525,-3.948092212369934
-0.4951931395246524,0.9034983535489003,-4.0323842006086545
-0.4284235371069017,0.8449266744126596,-3.5766192102615637
-0.29234149275005383,0.911103314617599,-2.377143421007151
-0.5143990531762871,0.6352158662247355,-3.3869962510438074
-0.5342280859687998,0.4621358316173087,-3.326133434273367
-0.18728785239859247,1.2955968480054671,-4.060874519663005
0.10490230097880587,1.701045199850869,-4.433217627182957
3.8643833994632297,3.9686225239861854,-inf
6.0541590877327,6.258245746466922,-inf
-0.29073405907740896,1.6724405410772905,-inf
4.727121167947178,1.1048941904059466,-inf
2.6059521177907734,1.7293592010774221,-inf
-0.4048087759689693,0.7781416133895329,-3.5831671084133765
-0.21626959126598388,1.0901859115788868,-inf
5.155570055555408,6.651663077149387,-inf
-0.22864123827387084,1.513523009212862,-4.081368854709898
-0.40682857970012337,0.8330103104196409,-3.9254138149063387
-0.031117116795020182,1.919714656492239,-4.577358172400227
-0.19648943005366368,2.5271614279925037,-inf
-0.3369363374422264,-1.214024458947511,-3.497612358085951
-0.1308344128601375,2.289295094428639,-inf
0.02859837818284964,3.0132867784520423,-inf
-0.001874707041482419,0.30190841097562937,-6.998237084679027
-0.20583522107452584,1.580576474536811,-3.1967096936703183
-0.42750225980497003,-1.276429421272415,-2.1042137001475663
-0.4348483976209527,0.8632300131498518,-3.593300245254985
-0.4499267117746282,0.8592598293643802,-4.924663547454445
-0.19443871835090523,1.4471800014949603,-5.00837435252236
-0.46854032340052176,-1.497273087870357,-2.8863770689853094
-0.5142359821346868,0.614930042081459,-4.989058469436628
0.21846034904366846,-1.7463935597395484,-7.166473322199008
-0.03701971887377858,1.6040107863294255,-5.047230513687075
-0.16756599843622239,0.35856116453767584,-2.764223546831086
-0.41501116012011235,0.7352168119137195,-3.5915282933748482
0.3708043647101291,-1.3911051353304758,-7.768459932823093
-0.3311739409602565,1.0508136666366155,-3.43780249051196
-0.1166831510562244,0.45631407717303907,-6.0355892099591415
-0.30660320551507003,1.4775322550621246,-4.704984480260035
-0.20196009771922968,0.7645574079458489,-inf
1.0151280719453204,-0.8031349431824327,-inf
-0.39535105531733883,1.1094371599418535,-3.4996367848191308
-0.41050861272184846,0.013340345274016988,-0.31343754390000345
-0.35959743138059497,0.38470204739185876,-0.2468457746975926
-0.305951339262557,-0.05843899171910747,-0.1807624111525865
-0.6750591911156882,0.2114840628261121,0.08699357891195633
-0.5731395054271398,0.29190273829031416,-0.0032424218493668703
-0.7869112891071463,0.3685303634203518,0.01789680625907558
0.1805727403102494,-0.5642258074561312,-4.1218764444420595
-0.5698076748411541,0.1305924885364573,-0.012103301983729916
-1.581577649473996,0.08669500642841803,-0.18195885670110443
-0.6934416609092076,1.2564498147440653,-2.689001257889862
-1.8355397103979605,0.17155284114732677,-0.25083377883897084
1.630426169053139,-0.846087309564228,-inf
-0.4885182766858212,-0.47442170779045706,-4.014452057439071
-0.24628083379803048,0.07863969405919194,-1.8879329098028619
-0.280580410905865,0.1980564145865005,-4.119330951163524
-0.28275928657794486,0.06692641703763527,-2.5872913801729314
-0.7536407118592109,0.6456774815272183,-0.972816806091004
-0.6562584072552738,0.17871720653382575,-0.31287783431597355
-1.8942609417392988,0.2656146632589487,-0.6468873757068367
-0.3184207847238731,-0.13614939081606395,-0.23917213458496667
-0.20506484232642783,0.04339055821194748,-0.058567390174499974
-0.3067646503186382,-0.2334929364561807,-1.7049361331896355
-1.3660478528854967,-0.009253114972889092,0.042574693070654625
-0.754163330066846,-0.012386876345761183,-0.5637036189363711
-0.820415589269378,-0.10238780617656497,-0.7474974304673339
0.29775547957640486,-0.46869689485588595,-0.8128328379470416
-1.1617586262242907,-0.22980688836872012,0.05018229116555918
1.5076962405321224,0.24363899285818233,-4.857153478207219
-0.69191412770266,0.29232207164476803,-0.14803163275059053
-0.969910683131466,0.2121868878147709,-1.6314193927885363
-1.929772610788279,0.08364696140676492,-0.3168394183655226
-1.9930279365298336,-0.09358462131134834,-0.3475784255218144
-0.6551770801694718,0.8789910091070445,-3.3078302434823823
-1.909066299814193,0.12724729140817964,-0.23947672111668517
-0.4648495202274772,0.4651309734954925,-3.4367480557590855
-1.3117896979600896,-0.09999268693828978,-0.12381156667032758
-0.2900686662685696,0.24854477335557745,-2.924578052522643
-0.3868848666730164,0.0807985428057684,-0.6282976827804408
0.13604637176903192,0.39160175894333316,-6.916085484527515
-0.9556375241766593,0.01285981118765563,-0.42120363341740086
-1.6815580542545443,0.09196586024369807,-1.4000005962204982
-0.20928960044622272,-0.01352828469524924,-0.26186513999128086
-0.29840997758930604,0.32944054195008965,-0.3411697306207605
-0.9881566716104455,0.15764415951679595,-0.14631640935862497
-0.5989573368827836,0.029162691797631122,-0.1994928211162311
-0.822572813167998,0.08908098106778221,-2.380306564198799
-3.9978038256113257,-0.6911469026259567,-inf
-0.7790376042200802,0.28760284840854233,-0.7393433053402194
0.5680596944622694,1.0861548548496678,-6.87257975135504
5.719895398487328,1.3452197442481248,-inf
-3.4152131251695534,0.9576701423699842,-inf
1.4766043942369358,1.4847544706655913,-7.624618866950095
-3.4777900696138295,3.2469209169367015,-inf
-2.012836885950831,-0.09561053791177701,-inf
2.227426991405431,-0.7721158108530591,-inf
-inf,inf,-inf
-0.38299425178329083,0.5854877876651261,-4.802524828199703
-0.3757964575481615,0.19028975052479757,-0.17432639059017271
-0.9384180149910041,1.687537363087401,-inf
inf,inf,-inf
-0.05869635875602716,-0.13285278296086422,-7.768459932823093
-0.13578395710373423,0.7430593118462956,-5.586903691496904
0.08133651540964253,0.29058852249492584,-2.3308412502479507
-0.2779924299566276,-1.5691028016573907,-2.5957943618611896
-1.5956257773283538,-0.02994963679475294,0.030332631453124582
-1.2895765055898765,0.631020579091148,-2.7038359728854884
-1.0672967286357373,0.30050845470768306,-2.2497842251557034
-0.9516643646847807,0.17505852058375837,-0.0973813508709514
-6.718428877805578,-0.6170392299149791,-1.6133402186495134
-2.1071429628203298,0.586773794182014,-2.65663509601095
0.15497284794345265,0.011551295062044033,-0.027626656470700478
0.9117984633323186,-0.4345295864299316,-4.253962964524729
-1.0585009111697774,-0.14940726475119104,-2.9604972258052866
-0.05915942967162023,0.5380692288692411,-2.366815874266937
-0.001151746066124455,0.007642908755803397,-inf
-0.325796452900093,0.26573251625749184,-5.310285510871686
-0.11006096297077028,0.14817164583049994,-5.638288839501302
-0.7149440233779535,0.06201654494838859,-5.245659461579413
-1.0099359057324695,0.041814652573110046,-4.745722185932813
0.4078499642109197,-0.11124430828028783,-4.55678146289306
-0.7385616120156601,0.2542075236230369,-4.683611917782092
0.3720525570766586,-0.007531165966456547,-5.067477013962836
-0.5746935137942744,0.6288340279410986,-6.283251046161539
-1.0316008807223305,0.3093400597926466,-4.631659734807453
-0.2309354479879208,0.19970937914985626,-5.627811022801186
-0.07834079808062588,0.35100446871348856,-5.607491931715036
-1.9245756120566797,0.01026907244081381,0.005258818205542354
-1.8116204501245863,-0.09258196443671235,0.12835663598088887
-1.5379611999199847,-0.01849726295211139,0.0732432248622563
0.4826041934187289,0.021814576170716242,-1.4361311007382134
0.1005621756463299,-0.01753969028454196,-0.3960374504698564
-inf,1.5497570976740924,-inf
-0.7717787466585783,0.07797911446356659,-0.6060484423241687
-1.1599549299044989,0.2777738469647711,-0.7247433268062271
-0.2827357447517591,0.15998965301293555,-1.8667003355467815
-1.2023628041056518,0.060330924949480336,-0.44288040285467223
0.6160150077922395,0.5569168526284575,-5.901609547224266
-0.13308584169044926,0.019208968106543954,-0.4130924783448409
-1.3123812116780837,1.0356753353291488,-3.6094549731061667
-0.40597944005200565,0.9179775162904181,-3.6271602360533066
-0.1902979067007629,1.6183724392291694,-inf
-6.931471328820275,1.412692365718791,-inf
-0.4518217880299847,-0.055700659914053346,0.09149246044269223
-0.03248801804243965,-0.11316928414166157,-1.2184776927994656
0.23829222760364818,0.6144465375225284,-5.82767378715686
-0.6294297761744196,0.012773560275818647,-1.1709552720272653
-1.2426813069647382,0.3483510157576235,-1.3663853411773756
0.20742786667498028,1.311065197536996,-4.069942104094971
-0.23495467698854158,0.9227627115352048,-4.634970796102182
-0.6915180645101604,-0.29106851794562544,-4.675140803488471
-0.9918073338828348,-0.4704973497932528,-5.371243126112115
2.250692467280787,0.760363604836478,-6.182915310998771
0.7874370950911054,0.6053387218743083,-4.908003699890961
0.17642681483552805,-0.1441161706005108,-4.081316557690152
-1.6135983954548305,-0.46885787265668977,-2.1950131690293975
-0.1278605547058369,0.07262293209478368,-2.3269646207745023
-1.1356011194483497,-0.020827827248080123,-4.749487099501173
1.0134652337813153,0.6340348622189289,-5.298818219429262
0.14508017162037568,0.0965977194245394,-5.160522983970829
-1.0779878770875277,1.250052747371452,-0.9074953046623098
1.0531190539349136,0.3456399131525561,-5.575360517562734
-2.917632669480443,-0.07355801798628982,-1.3271520483312775
-0.9472449948524513,1.1334691308511355,0.10152543191668954
0.15949721202451436,0.2959064617675792,-5.140129401108479
1.0677165371102164,-0.2978878230103771,-4.861364804241638
1.261731212181658,0.23704552956728966,-5.365074305118844
0.12130508618890375,0.20570377489255054,-5.1696559559924555
0.03732051168149464,0.366474209880542,-5.488888360203678
-0.2872132725468911,0.2679210124835687,-4.964616351340924
0.6696614623662673,0.13366086836970184,-5.323273567005211
0.05634723481831516,1.551122993615843,-4.7227655619052085
-0.06578992234955577,0.4342410598995765,-3.819819235666576
-0.5216919014796603,0.16050366629070542,-3.896727426298846
0.07014542871786093,-0.037440148753485586,-4.599701711249432
0.8608610661841654,0.4392201794484742,-4.985219500164249
-0.026743890984205324,0.0074870281009504665,-4.454261506027938
-1.1879752424238437,0.07371987723152475,-4.41150341676281
-0.7964596610634772,-0.0874718841637277,-2.8233626214976884
-1.9630414376764547,-0.2169092597357824,-6.133039886096821
-0.23211402008714901,0.06175341719918238,-5.694248468163333
0.8412691465545644,0.2629530303009664,-5.834594372467953
-0.6564458803011165,0.4765063456671109,-4.739834700682462
-0.7832984422706277,-0.43238894542542355,-6.230570594623981
0.5130724405662417,-0.7649683294661648,-6.540091092878961
-0.9355058694709563,0.09220457805420512,-4.938112841125621
-1.3033428819746655,-0.2259844281744771,-0.5562375775899844
-0.906946376259035,-0.056635454492737596,-0.0773249961956227
-0.5894515209416245,0.24742046432972767,-1.5054967867562767
0.10538113689951234,0.0804608497956813,-2.6399641431236627
-0.7110355690729957,0.13916806860556724,-0.7927759775399574
-0.5195619560028122,1.040124821713588,-2.599783319359046
-0.9663373344521212,-0.06509464519571213,-1.484875133486386
-0.6040074748873141,0.41790348355603224,-1.6237066928210226
-0.5650175264043893,0.5269980456384713,-0.7886404984865889
-0.6510510273494236,0.5967517169549575,-2.2613628762874822
0.049065004433121326,0.3640175134386537,-5.187959847828435
0.0005076549568453059,0.18462284466416995,-5.030904744320848
0.2633502979855885,0.3904525768333916,-4.678926421273044
0.15623380312242005,0.4341107406648071,-4.260130240636687
-0.05596058846462783,0.624892031092224,-4.033428568400185
0.6551560605206856,0.16794610633743873,-4.857400223930505
-1.5240160402564127,0.1358122785963178,-0.03442190470824498
-1.0703187996968646,0.26405519498568975,-0.38781994218442034
-1.5276466440724492,0.12559929776706735,-0.028992203243875664
-0.8251695124022155,0.21049455816012178,-0.28188563774688874
-1.2022403978314038,1.1181909989667669,-0.7621487889853074
-1.6415544090752203,0.22289288795239215,0.010290352616247559
-1.005364533154678,-0.10670469362963671,-0.02074687711049398
-1.3211032889921834,-0.06878986104032606,0.10817329947665635
-0.8056354726301533,0.05982889262661733,-0.34721676549009556
-0.4815914526529763,0.3623450791159849,-0.03071502161907333
-0.734105836144094,-0.000914647033313842,-0.7198829372163886
-0.5400910215890731,0.4037663751880493,-8.115033567651334
5.141870106509799,0.050274706236644755,-inf
0.6440227574402149,2.3528928505725633,-inf
-inf,inf,-inf
-0.4815914526529763,0.3623450791159849,-0.03071502161907333
-2.8583475873365436,2.034831831981365,-inf
-3.435767834850585,3.2622194552458894,-inf
-0.05790503114256187,-0.09962125067297403,-3.0423290480794423
-0.38504382179514346,0.5540146402157564,-4.755087575304539
-0.9263827093635436,0.05653015056371319,-0.0357601296976927
-0.6693342723092421,0.019390224410505693,-1.2075810115076364
-0.8479210513337299,-0.046738231891990806,0.009844592280601071
-0.2913619181220831,-0.07289859004747043,-3.0789106529345327
-0.879057307425635,0.9760150746202294,-0.39818154937964656
0.8987901360836592,-0.6438113768668375,-6.998237084679027
6.886665204687087,0.9276503663233743,-inf
-1.0389683822314768,0.6460263574908864,-0.6075490698127075
-1.1719854027616794,0.5773384783114708,-0.6657563010874015
-0.6078413111869818,1.0278451949978413,-0.3390312201627139
1.8663796429889041,-0.22677505141584187,-7.465391956602665
3.4890185820087205,2.26604927684654,-inf
-5.691623760420051,-0.12722418212247313,-inf
1.632231596151201,0.10351823725087553,-6.43138440124791
6.931471328820275,1.8718899396544302,-inf
-1.1954709825064511,0.8399673919795684,-0.8575158383623612
-5.839848405964466,-0.24342575352342402,-inf
-2.748224504006972,0.4480217749435124,-inf
1.8304551748445637,-0.5709701966429774,-8.115033567651334
3.4531303206868147,2.153138592144312,-inf
-1.6291547116178264,0.10251037165479601,-inf
0.07682906408042471,0.7362198496285437,-inf
0.42433695720318526,0.5817232300943099,-6.169121273128119
-1.122656094419607,-0.05821543818479259,-0.2944098544820827
1.2843764406928382,0.7140004227902791,-5.8559501103299105
0.9826122371973013,-0.8966753623163431,-7.096592306226932
-0.25255165158338194,1.54382454063412,-4.214638107503973
1.6810267281612847,1.1206098031205405,-8.115033567651334
-0.5674259252269336,0.21769102441796642,-2.244188038948831
-2.437194981098116,-0.8230312062822099,-inf
0.13875516843044425,0.39747311541661257,-4.301819268901946
-inf,inf,-inf
-0.40123847224256287,0.19758119982104747,-0.16882750923617793
-2.0467830548707573,0.11947376029104757,-0.7816077215243473
-0.6822186857206803,-0.06375704139559327,-0.1420709494005519
-2.1903382526759687,0.23822048942011848,-0.10108613828399438
-1.7821025466003244,0.1382705670410337,-1.6012513633352021
-0.2153581675970775,0.2511492612733069,-0.7323558298387475
-0.9609431651624554,-0.17631759902414337,-0.2352732737007395
1.1329896094762173,0.12041395037023672,-0.7576811077115431
-1.553216043652269,0.3096103367322889,0.2130289263385987
-6.80755311269918,0.31454741662000535,-6.309573002319912
-2.142771183218867,-0.0020889691195225026,-0.2525574924773706
-1.0563982125578155,-0.051771861405413094,-0.3140249954861955
-3.4331966782561603,0.22564405146427008,-5.31766589748265
1.2555865505190595,1.1521717840176333,-5.230858809448989
-2.528518323506333,0.15286701691748253,0.151277062949151
-1.5992646155693753,-0.215731358851713,-0.9544022324076846
-0.8734526832528283,-0.03476522075675642,-0.37072810453177285
0.25735410177802764,-0.04547604653550841,-0.48677064302468764
-0.19195666505212353,0.22055868701896683,-1.0596593025288485
-2.3307175498196164,0.2543440758763777,-4.321797340758535
0.16763506220711052,-0.07998182221082197,-0.3216210151988072
-1.4394646823186035,0.1556626832457482,-0.15020926070468346
-1.5425169755097972,-0.06595880524433034,-0.8616472563592921
-1.3805486762462176,-1.2664197569405669,-4.599112376379311
-7.85962072609019,-0.19813922794831743,-7.192119984244936
-1.4098614244035717,0.4817976620194695,-1.344608272785255
-1.2789255055171105,0.3565597675115661,-0.06639846916227282
1.0219195579012716,0.2581439709365127,-3.017135109975686
0.09108573759231052,0.049591142476728065,-0.523278727121186
-0.9938713171149801,0.12948729602265036,-0.5078671057972762
-0.11662254282170885,0.02002835557434715,-0.377480790403039
-1.0112350584819851,0.04690963148640719,-0.977682691691947
-3.199425608030617,-0.0500097654051474,-2.41514198781465
-0.8241748007157905,0.0628542147870914,-0.5803185031428051
-1.1322165792455423,-0.17124863083554195,-0.43356442404784556
-0.13773231820274717,-0.05761019514392916,-0.24319147444667996
1.6936134096923832,0.13490241069631656,-2.6451127086743993
-1.6931034093763517,0.08996592273097179,-0.31939046167980195
-0.9245984197298813,0.03062652238035104,-0.8485009189688378
-1.901110013963809,-0.02438947686845721,-0.3881435151053245
-1.908035153670457,-0.4909758328663877,-inf
-1.713380183592302,-0.2878503988327641,-3.145364605567598
-3.3407389031542873,0.08968654880473323,0.13538344211228961
-1.2913923164931793,-0.006901846425724173,-0.3175451808694233
-1.4636317601653448,-0.12231652136040357,0.3910126357502983
-0.6866055861468915,0.42214723402630355,-0.17996901003234908
-1.0889039019747293,-0.15817646111149994,-1.8184490776790487
0.7261812955660654,-1.3585834939093118,-5.5383800816539015
0.8166440792350323,-0.15294657281687504,-inf
-0.07693086464898839,0.12153761615259681,-0.37028589724199984
-0.4896595414048377,0.09897061087698594,-1.1518443292466716
-2.3277385491317517,0.5348380837373243,-3.762512833108796
-1.5834595439761245,0.05817711327681809,-0.13342695505839397
-3.7339730745844393,0.040444794752863014,-0.21442393472518706
-1.584662331405973,-0.0852040027273168,-1.0314198899833447
-0.45943258152869937,-0.039871185539526934,-0.018853629278344004
-2.6537138119495927,-1.6735449000127751,-inf
-2.127719654103035,0.04809670646630388,0.3069557689615201
-0.4859635915790871,-0.35782742991806116,-3.2209573699810843
-1.158425393501012,-0.027658703541375645,-0.12858022707355415
-0.3157056720849089,0.08933832735215871,-0.021439536016784874
-0.5541194878363822,0.413081184364768,-0.18586909756971248
-0.4118279257348625,0.0033997025468319,-1.0905431081617043
-0.6664082583307243,0.5716883147623206,0.008474523040570421
-0.16936094665006987,-0.06382361427791244,-0.09339634069716542
0.49201333730875807,0.004922695640123979,-2.495967636599278
-0.8976310500725339,0.04138690547496872,-1.3630884049326248
-1.5855021668382077,-0.07985227465395985,-0.017886722396218534
0.48225878001393163,0.9016950075059132,-inf
-3.9463322583776845,0.1481223595941481,0.9558564865019513
-1.00107046379221,-0.04909990493977297,-0.391950717976425
-2.5388912756547333,-0.060053240261320855,-0.5641807078957641
0.49675334710609054,-0.3854164480920882,-0.9866072962167052
-1.0675441046503606,0.19516595691559555,-0.9418737480794708
-1.2618136171625263,-0.08350472439336774,-0.060388799060442054
0.37393975765403664,-1.1793968506355532,-6.443012862153853
-1.6651508454492028,0.20512986390076265,-1.1050390399806582
1.820503486747144,0.21996403965232786,-4.8945323124794315
-0.6775422373893651,0.06657136939157382,-0.9132764472068833
-1.205966535661925,0.26467886959881815,-4.75028333762209
-1.5867716993880854,0.1408614524079722,-1.3730394086755806
0.1630929329016315,-0.2509379086419336,-6.728738536308525
-0.5230756573167987,0.24172085527199969,-4.039644735284436
-2.2057327468848866,-0.41101145980529113,-0.9151558403557952
-2.3116148627566124,-0.9941064556472068,-7.016420921665638
-1.622848956997863,0.24916531905686784,0.24022898269607096
-0.9497362016910751,-0.011795856442385002,-0.05611943346180589
-1.9942154486706771,0.16884455617312763,-0.13164252426601827
-0.6726203698582568,1.1511830953490185,-4.980461866814484
-0.6123496033896212,1.0421519081398953,-inf
1.0103885199125535,-0.45513793027065913,-5.03687626637362
-0.26007567051218977,0.10528925013233026,-0.1656812755753614
-1.5407654889975968,0.6156377598819481,-2.4558482265638952
-0.2253644029839259,0.029301814233259175,-2.7318303738180787
-2.3550955056480167,0.17738714375413236,-1.4711387484545362
-0.8670632938571229,0.40381513942380687,-0.5279354991439811
0.040087280753720256,0.17941982935281292,-0.20873913700002003
-0.673854653689865,0.4876522078162935,-0.17609735108956193
-0.9068928424685502,-0.6914604371735029,-1.5386808328965806
0.12423613519442453,-0.877776282305138,-2.384029662577506
0.9000880090942801,-0.8233299194032295,-inf
-1.1049530628465574,0.40624329285972677,-0.2888199436954689
-1.2406073936667996,0.05454307335629221,0.10930667920533654
-1.1437673179108627,0.07054130077564975,-0.06271463820083452
-0.7968681111743738,0.4155262861032773,0.09038905865787211
-4.991957162395451,-0.3724450779449513,-2.200672967494429
-1.9842738582576438,0.025232635920798413,-0.09114629672253544
0.033100801422157516,-0.49156084782351556,-0.21434147563720413
-0.7431807386010196,0.021034669592454456,-0.521467911418466
-0.7150464486922986,-0.12066418787783142,-1.8224205816515961
-1.1241675783363243,0.1753076803456471,-0.1292650771639033
0.05870575270613627,0.09648648757184297,-0.3862699425628757
-0.2817263775515939,0.2878075480009978,-1.2864293659516421
-0.9487736534517968,-0.17030719984984335,0.11831726066017333
-1.2099871815595424,0.08333635217783625,-1.1060135514640816
-0.6945130039970451,0.20346136133048282,-0.19927584752638394
0.34050609342651056,-1.0878803062723583,-1.2983079668576436
-4.710289516784139,-0.1591409287229094,0.16365702694935413
0.08937751573642347,-0.026341904261092113,-1.2808797588614862
-1.1870844649804329,-0.15610540303580567,-1.3490752777052046
0.5555155036161608,1.1383169636641797,-4.310756289840519
