0.077499986,0.457500011,0.052499987,0.281434426,0.721024591,0.730942623,-8.06E-01,-3.03E-01
0.732499897,0.472499996,0.967500031,0.828195276,0.20618343,0.800798813,3.00E-01,1.10E+00
0.817499936,0.922500014,0.392499983,0.222268519,0.78050926,0.280601852,-1.58E+00,2.74E-01
0.897499919,0.037500001,0.422499985,0.281434426,0.721024591,0.730942623,-1.52E-01,7.43E-02
0.92749989,0.727500021,0.42750001,0.738979588,0.189081632,0.306326531,-1.12E+00,-5.46E-01
0.777499914,0.69749999,0.652500033,0.222268519,0.78050926,0.280601852,-1.01E+00,3.13E-01
0.02249999,0.192499995,0.022499988,0.222268519,0.78050926,0.280601852,-2.85E-01,-4.27E-02
0.257499963,0.232500002,0.047499988,0.304067797,0.300338978,0.171779661,-2.72E-01,1.26E-01
0.137499973,0.717499971,0.217499986,0.304067797,0.300338978,0.171779661,-1.07E+00,2.10E-02
0.532499969,0.917500019,0.362499982,0.222268519,0.78050926,0.280601852,-1.81E+00,-1.46E-01
0.607499957,0.122500002,0.742500007,0.738979588,0.189081632,0.306326531,-1.14E-01,2.32E-02
0.882499933,0.94749999,0.367500007,0.8195,0.731357142,0.707714278,-2.02E+00,-6.57E-01
0.832499921,0.632499993,0.57249999,0.222268519,0.78050926,0.280601852,-7.31E-01,1.97E-01
0.362499952,0.242500007,0.507499993,0.222268519,0.78050926,0.280601852,-2.88E-01,1.13E-01
0.252499968,0.672500014,0.282499999,0.828195276,0.20618343,0.800798813,-1.11E+00,1.75E-01
0.672499955,0.567499995,0.122499987,0.738979588,0.189081632,0.306326531,-2.44E-01,-2.76E-01
0.997499883,0.882499993,0.952499986,0.225559701,0.175037312,0.719141795,-1.31E+00,4.29E+00
0.862499893,0.317499995,0.667500019,0.888810683,0.856868937,0.157839806,-1.26E-01,-1.23E-01
0.972499907,0.237499997,0.18249999,0.304067797,0.300338978,0.171779661,-1.26E-02,1.61E-01
0.392499954,0.287499994,0.382499993,0.225559701,0.175037312,0.719141795,-4.46E-01,-2.62E-01
0.582499921,0.367500007,0.9375,0.738979588,0.189081632,0.306326531,-1.86E-01,1.85E-01
0.797499895,0.907500029,0.097499989,0.828195276,0.20618343,0.800798813,5.62E-01,-4.40E+00
0.412499964,0.622500002,0.32249999,0.304067797,0.300338978,0.171779661,-9.26E-01,3.43E-01
0.442499965,0.082500003,0.337500006,0.738979588,0.189081632,0.306326531,-1.39E-01,-6.65E-02
0.147499979,0.897499979,0.842500031,0.8195,0.731357142,0.707714278,-1.10E+00,3.51E-01
0.967499912,0.152500004,0.087499991,0.281434426,0.721024591,0.730942623,-3.48E-01,-4.45E-02
0.092499986,0.227500007,0.512499988,0.828195276,0.20618343,0.800798813,-3.38E-01,-1.98E-03
0.642499924,0.977500021,0.082499988,0.281434426,0.721024591,0.730942623,-1.08E+00,-2.50E+00
0.307499975,0.592499971,0.992500007,0.281434426,0.721024591,0.730942623,-8.97E-01,4.37E-01
0.002499992,0.432500005,0.717500031,0.225559701,0.175037312,0.719141795,-7.34E-01,-1.40E-01
0.56249994,0.32249999,0.887499988,0.8195,0.731357142,0.707714278,-7.97E-01,-2.83E-01
0.422499955,0.992500007,0.477499992,0.304067797,0.300338978,0.171779661,-1.77E+00,-9.19E-02
0.717499912,0.282499999,0.787500024,0.304067797,0.300338978,0.171779661,1.21E-02,7.17E-02
0.767499924,0.332500011,0.727500021,0.738979588,0.189081632,0.306326531,9.35E-02,-9.22E-02
0.757499933,0.587499976,0.772499979,0.281434426,0.721024591,0.730942623,-1.40E+00,2.00E-01
0.962499917,0.0125,0.577499986,0.8195,0.731357142,0.707714278,-1.27E-01,3.56E-02
0.762499928,0.1875,0.037499987,0.828195276,0.20618343,0.800798813,-4.73E-02,-2.22E-01
0.032499991,0.267500013,0.252499998,0.304067797,0.300338978,0.171779661,-3.47E-01,1.07E-01
0.42749995,0.0175,0.827499986,0.222268519,0.78050926,0.280601852,-8.92E-02,2.04E-02
0.247499973,0.982500017,0.917500019,0.8195,0.731357142,0.707714278,-1.37E+00,9.41E-02
0.43749994,0.522499979,0.402500004,0.222268519,0.78050926,0.280601852,-7.34E-01,2.24E-01
0.842499912,0.67750001,0.19749999,0.738979588,0.189081632,0.306326531,2.67E-01,1.08E-02
0.462499946,0.82249999,0.142499983,0.304067797,0.300338978,0.171779661,-1.42E+00,-4.63E-01
0.932499886,0.807500005,0.517499983,0.828195276,0.20618343,0.800798813,-4.35E-01,5.72E-01
0.432499945,0.032499999,0.702499986,0.888810683,0.856868937,0.157839806,-9.28E-02,-1.83E-02
0.697499931,0.627499998,0.832499981,0.888810683,0.856868937,0.157839806,-7.39E-01,1.84E-01
0.502499938,0.737500012,0.94749999,0.225559701,0.175037312,0.719141795,-1.66E+00,1.95E+00
0.372499973,0.962499976,0.837500036,0.281434426,0.721024591,0.730942623,-1.07E+00,1.22E+00
0.947499931,0.832499981,0.407499999,0.888810683,0.856868937,0.157839806,-1.51E+00,-3.12E-01
0.587499917,0.997500002,0.732500017,0.222268519,0.78050926,0.280601852,-1.98E+00,8.10E-01
0.117499985,0.112499997,0.412499994,0.828195276,0.20618343,0.800798813,-3.02E-01,-1.05E-01
0.052499987,0.5625,0.527499974,0.304067797,0.300338978,0.171779661,-1.14E+00,-3.02E-02
0.68749994,0.787500024,0.272500008,0.304067797,0.300338978,0.171779661,-1.54E+00,-5.38E-01
0.837499917,0.467500001,0.442499995,0.828195276,0.20618343,0.800798813,-1.49E+00,-3.47E-01
0.127499983,0.657500029,0.692499995,0.888810683,0.856868937,0.157839806,-9.77E-01,-1.10E-01
0.822499931,0.92750001,0.957500041,0.225559701,0.175037312,0.719141795,1.06E+00,4.47E+00
0.367499948,0.722500026,0.277500004,0.8195,0.731357142,0.707714278,-1.21E+00,3.85E-01
0.602499962,0.707499981,0.612500012,0.304067797,0.300338978,0.171779661,-7.06E-01,-4.07E-01
0.347499967,0.047499999,0.922500014,0.304067797,0.300338978,0.171779661,-9.86E-02,2.70E-02
0.657499909,0.022500001,0.222499996,0.828195276,0.20618343,0.800798813,-1.17E-01,3.45E-01
0.152499974,0.362500012,0.737500012,0.738979588,0.189081632,0.306326531,-5.97E-01,-1.94E-01
0.482499957,0.867500007,0.987500012,0.222268519,0.78050926,0.280601852,-1.90E+00,1.20E+00
0.267499983,0.872500002,0.767499983,0.738979588,0.189081632,0.306326531,-1.58E+00,9.00E-02
0.772499919,0.767499983,0.877499998,0.222268519,0.78050926,0.280601852,-1.25E+00,5.32E-01
0.867499888,0.932500005,0.032499988,0.222268519,0.78050926,0.280601852,-3.50E-01,-2.51E+00
0.227499977,0.262499988,0.582499981,0.738979588,0.189081632,0.306326531,-3.46E-01,-1.11E-01
0.892499924,0.847500026,0.587499976,0.225559701,0.175037312,0.719141795,-9.10E-01,1.14E-01
0.017499991,0.092500001,0.227499992,0.738979588,0.189081632,0.306326531,-2.48E-01,-1.08E-02
0.067499988,0.462500006,0.657500029,0.222268519,0.78050926,0.280601852,-7.89E-01,-1.08E-02
0.547499955,0.842499971,0.297499985,0.828195276,0.20618343,0.800798813,-2.59E+00,4.69E-01
0.907499909,0.197500005,0.127499983,0.281434426,0.721024591,0.730942623,-4.59E-01,-2.18E-01
0.877499938,0.957499981,0.187499985,0.281434426,0.721024591,0.730942623,-1.29E+00,-1.78E+00
0.707499921,0.762499988,0.602500021,0.888810683,0.856868937,0.157839806,-1.36E+00,8.41E-02
0.81249994,0.8125,0.8125,0.738979588,0.189081632,0.306326531,-1.27E+00,9.99E-02
0.18749997,0.107500002,0.69749999,0.281434426,0.721024591,0.730942623,-2.39E-01,1.62E-02
0.9174999,0.127499998,0.682500005,0.304067797,0.300338978,0.171779661,2.12E-03,4.97E-02
0.872499943,0.577499986,0.137499988,0.888810683,0.856868937,0.157839806,-4.65E-01,-4.99E-01
0.542499959,0.177499995,0.372500002,0.888810683,0.856868937,0.157839806,-1.81E-01,-8.39E-02
0.30249998,0.487500012,0.547500014,0.8195,0.731357142,0.707714278,-1.25E+00,-4.15E-01
0.352499962,0.137500003,0.757499993,0.225559701,0.175037312,0.719141795,-3.27E-01,6.21E-02
0.382499963,0.087499999,0.592500031,0.281434426,0.721024591,0.730942623,-2.95E-01,-5.08E-02
0.937499881,0.862500012,0.387499988,0.225559701,0.175037312,0.719141795,-2.56E+00,-1.52E-01
0.142499983,0.57249999,0.077499986,0.828195276,0.20618343,0.800798813,-9.09E-01,-1.08E-01
0.567499936,0.442499995,0.617500007,0.281434426,0.721024591,0.730942623,-1.90E-01,-6.15E-01
0.67749995,0.077500001,0.467500001,0.8195,0.731357142,0.707714278,-1.53E-01,-3.14E-01
0.357499957,0.912500024,0.457500011,0.8195,0.731357142,0.707714278,-2.12E+00,-2.11E-01
0.722499907,0.3125,0.247499987,0.222268519,0.78050926,0.280601852,3.66E-02,6.21E-02
0.342499971,0.212500006,0.817499995,0.8195,0.731357142,0.707714278,-3.36E-01,2.05E-01
0.857499897,0.607500017,0.662500024,0.225559701,0.175037312,0.719141795,8.16E-01,-8.00E-01
0.942499936,0.647499979,0.797500014,0.304067797,0.300338978,0.171779661,-1.41E+00,3.67E-01
0.317499965,0.852500021,0.177499995,0.304067797,0.300338978,0.171779661,-1.23E+00,-9.97E-01
0.322499961,0.057500001,0.627499998,0.888810683,0.856868937,0.157839806,-1.37E-01,4.56E-02
0.102499984,0.30250001,0.257499993,0.281434426,0.721024591,0.730942623,-5.44E-01,5.64E-02
0.902499914,0.732500017,0.80250001,0.828195276,0.20618343,0.800798813,1.53E+00,2.89E+00
0.097499982,0.55250001,0.847500026,0.281434426,0.721024591,0.730942623,-1.09E+00,8.63E-02
0.667499959,0.972500026,0.537500024,0.281434426,0.721024591,0.730942623,-4.01E+00,6.51E-01
0.277499974,0.397500008,0.932500005,0.8195,0.731357142,0.707714278,-9.57E-01,3.48E-01
0.632499933,0.902499974,0.872500002,0.281434426,0.721024591,0.730942623,-1.64E+00,2.48E+00
0.377499968,0.44749999,0.017499987,0.888810683,0.856868937,0.157839806,-5.34E-01,-2.32E-01
0.062499989,0.492500007,0.44749999,0.225559701,0.175037312,0.719141795,-1.03E+00,3.76E-01
0.752499938,0.792500019,0.55250001,0.225559701,0.175037312,0.719141795,-2.46E+00,-5.62E-01
0.027499991,0.752499998,0.352499992,0.888810683,0.856868937,0.157839806,-1.31E+00,4.44E-02
0.612499952,0.382499993,0.07249999,0.225559701,0.175037312,0.719141795,-7.62E-01,-3.44E-01
0.992499888,0.712499976,0.752499998,0.8195,0.731357142,0.707714278,-7.86E-01,1.80E+00
0.847499907,0.877499998,0.242499992,0.738979588,0.189081632,0.306326531,3.05E-01,-1.46E+00
0.112499982,0.222499996,0.327499986,0.738979588,0.189081632,0.306326531,-3.27E-01,-2.76E-02
0.852499902,0.532500029,0.062499989,0.828195276,0.20618343,0.800798813,1.18E+00,-1.15E+00
0.212499976,0.637499988,0.852500021,0.222268519,0.78050926,0.280601852,-7.54E-01,-3.44E-02
0.19249998,0.967499971,0.147499993,0.281434426,0.721024591,0.730942623,-2.02E+00,-6.91E-01
0.987499893,0.782500029,0.212499991,0.225559701,0.175037312,0.719141795,-1.01E+00,-2.08E+00
0.517499924,0.202500001,0.397500008,0.828195276,0.20618343,0.800798813,-2.90E-01,2.46E-01
0.457499951,0.517499983,0.417499989,0.828195276,0.20618343,0.800798813,-5.40E-01,6.16E-01
0.977499902,0.072499998,0.722500026,0.8195,0.731357142,0.707714278,3.82E-03,5.62E-02
0.727499902,0.497500002,0.807500005,0.8195,0.731357142,0.707714278,-1.32E+00,-3.51E-01
0.742499948,0.887499988,0.4375,0.225559701,0.175037312,0.719141795,-2.70E+00,1.89E-01
0.527499974,0.797500014,0.232499987,0.281434426,0.721024591,0.730942623,-3.13E-01,-1.23E+00
0.452499956,0.307500005,0.532500029,0.304067797,0.300338978,0.171779661,-3.81E-01,2.48E-01
0.647499919,0.297500014,0.647499979,0.222268519,0.78050926,0.280601852,-1.22E-01,-1.32E-01
0.282499969,0.392500013,0.542500019,0.888810683,0.856868937,0.157839806,-6.17E-01,-6.49E-02
0.617499948,0.097499996,0.157499984,0.304067797,0.300338978,0.171779661,-9.99E-02,-1.27E-02
0.487499952,0.422500014,0.92750001,0.222268519,0.78050926,0.280601852,-7.55E-01,1.01E+00
0.80249995,0.80250001,0.977500021,0.888810683,0.856868937,0.157839806,-9.78E-01,1.66E+00
0.692499936,0.167500004,0.982500017,0.225559701,0.175037312,0.719141795,-4.38E-01,8.05E-01
0.162499979,0.147499993,0.557500005,0.828195276,0.20618343,0.800798813,-3.67E-01,2.04E-01
0.217499971,0.172499999,0.882499993,0.8195,0.731357142,0.707714278,-2.80E-01,-3.05E-01
0.007499992,0.0275,0.002499987,0.225559701,0.175037312,0.719141795,-1.94E-01,-3.35E-02
0.012499992,0.702499986,0.607500017,0.828195276,0.20618343,0.800798813,-1.51E+00,-1.35E-01
0.827499926,0.327499986,0.102499992,0.304067797,0.300338978,0.171779661,-1.32E-01,-2.99E-03
0.557499945,0.277500004,0.132499993,0.888810683,0.856868937,0.157839806,-1.56E-01,-2.62E-01
0.712499917,0.407499999,0.747500002,0.888810683,0.856868937,0.157839806,-1.79E-01,-1.68E-01
0.397499949,0.347499996,0.357499987,0.888810683,0.856868937,0.157839806,-4.99E-01,-1.37E-01
0.207499981,0.597500026,0.012499987,0.225559701,0.175037312,0.719141795,-1.18E+00,-9.94E-01
0.912499905,0.42750001,0.452499986,0.222268519,0.78050926,0.280601852,-4.88E-02,4.21E-01
0.17749998,0.582499981,0.902500033,0.828195276,0.20618343,0.800798813,-1.19E+00,4.75E-01
0.807499945,0.352499992,0.497500002,0.225559701,0.175037312,0.719141795,-9.69E-01,3.48E-01
0.652499914,0.0625,0.202499986,0.8195,0.731357142,0.707714278,-3.54E-01,-6.45E-02
0.03749999,0.0075,0.567499995,0.888810683,0.856868937,0.157839806,-1.16E-01,-1.25E-02
0.402499944,0.772499979,0.67750001,0.828195276,0.20618343,0.800798813,-1.81E+00,7.53E-01
0.082499988,0.067500003,0.042499989,0.8195,0.731357142,0.707714278,-2.38E-01,1.11E-01
0.627499938,0.372500002,0.82249999,0.225559701,0.175037312,0.719141795,-1.15E+00,4.10E-01
0.747499943,0.387499988,0.092499986,0.281434426,0.721024591,0.730942623,2.98E-01,-7.79E-01
0.492499948,0.612500012,0.862500012,0.738979588,0.189081632,0.306326531,-3.36E-01,5.69E-01
0.512499928,0.207499996,0.05749999,0.281434426,0.721024591,0.730942623,-3.92E-01,-9.02E-02
0.167499974,0.402500004,0.317499995,0.8195,0.731357142,0.707714278,-6.97E-01,-7.38E-02
0.957499921,0.817499995,0.192499995,0.304067797,0.300338978,0.171779661,-7.75E-01,-3.27E-02
0.447499961,0.9375,0.5625,0.281434426,0.721024591,0.730942623,-1.44E+00,4.58E-01
0.31249997,0.662500024,0.067499988,0.304067797,0.300338978,0.171779661,-7.53E-01,-1.26E-01
0.272499979,0.292499989,0.622500002,0.225559701,0.175037312,0.719141795,-5.63E-01,2.41E-01
0.952499926,0.452499986,0.267499983,0.8195,0.731357142,0.707714278,-5.80E-01,6.07E-01
0.232499972,0.547500014,0.377499998,0.828195276,0.20618343,0.800798813,-8.35E-01,3.74E-01
0.507499933,0.602500021,0.117499992,0.8195,0.731357142,0.707714278,-6.82E-01,-1.71E-01
0.222499967,0.747500002,0.912500024,0.828195276,0.20618343,0.800798813,-1.43E+00,8.68E-01
0.887499928,0.217500001,0.172499985,0.738979588,0.189081632,0.306326531,2.69E-01,1.84E-01
0.597499967,0.557500005,0.492500007,0.738979588,0.189081632,0.306326531,-8.76E-01,-1.64E-01
0.467499942,0.052499998,0.207499996,0.304067797,0.300338978,0.171779661,-9.45E-02,-4.83E-02
0.577499926,0.837499976,0.472499996,0.738979588,0.189081632,0.306326531,-1.56E+00,-1.09E-01
0.662499905,0.777499974,0.712499976,0.8195,0.731357142,0.707714278,-1.62E+00,7.58E-01
0.332499951,0.692499995,0.782500029,0.738979588,0.189081632,0.306326531,-1.41E+00,1.76E-01
0.042499989,0.542500019,0.3125,0.738979588,0.189081632,0.306326531,-9.05E-01,1.38E-01
0.622499943,0.182500005,0.502499998,0.738979588,0.189081632,0.306326531,-1.95E-01,-3.05E-02
0.522499919,0.377499998,0.777500033,0.738979588,0.189081632,0.306326531,-3.60E-01,2.77E-01
0.262499958,0.1175,0.482499987,0.304067797,0.300338978,0.171779661,-1.78E-01,9.46E-03
0.182499975,0.342500001,0.332499981,0.281434426,0.721024591,0.730942623,-6.10E-01,2.45E-01
0.702499926,0.987500012,0.907500029,0.304067797,0.300338978,0.171779661,-1.70E+00,1.45E+00
0.292499959,0.0425,0.30250001,0.828195276,0.20618343,0.800798813,-2.30E-01,-1.12E-02
0.637499928,0.142499998,0.237499997,0.222268519,0.78050926,0.280601852,-1.80E-01,-4.00E-01
0.572499931,0.102499999,0.107499987,0.281434426,0.721024591,0.730942623,-3.06E-01,1.19E-01
0.387499958,0.412499994,0.792500019,0.738979588,0.189081632,0.306326531,-4.58E-01,-2.48E-01
0.242499977,0.537500024,0.167499989,0.738979588,0.189081632,0.306326531,-6.94E-01,-3.58E-02
0.782499909,0.642499983,0.347499996,0.222268519,0.78050926,0.280601852,-6.74E-01,3.36E-01
0.172499985,0.942499995,0.342500001,0.222268519,0.78050926,0.280601852,-1.88E+00,-2.33E-01
0.337499976,0.477499992,0.897500038,0.225559701,0.175037312,0.719141795,-6.25E-01,2.12E-01
0.297499955,0.357499987,0.672500014,0.225559701,0.175037312,0.719141795,-6.94E-01,4.84E-01
0.537499964,0.4375,0.152499989,0.8195,0.731357142,0.707714278,-2.93E-01,-9.76E-02
0.072499983,0.652499974,0.007499987,0.888810683,0.856868937,0.157839806,-9.40E-01,-8.47E-02
0.087499984,0.502499998,0.287499994,0.888810683,0.856868937,0.157839806,-8.83E-01,1.37E-01
0.787499905,0.527499974,0.262499988,0.222268519,0.78050926,0.280601852,-9.60E-01,1.13E+00
0.107499979,0.617500007,0.6875,0.225559701,0.175037312,0.719141795,-1.55E+00,4.73E-01
0.047499988,0.512499988,0.857500017,0.8195,0.731357142,0.707714278,-8.69E-01,-1.54E-01
0.327499956,0.892499983,0.762499988,0.222268519,0.78050926,0.280601852,-1.55E+00,1.98E-01
0.202499971,0.682500005,0.972500026,0.222268519,0.78050926,0.280601852,-9.31E-01,1.07E-01
0.157499984,0.742500007,0.642499983,0.281434426,0.721024591,0.730942623,-2.21E+00,3.34E-01
0.407499969,0.272500008,0.867500007,0.225559701,0.175037312,0.719141795,-3.26E-01,-1.77E-01
0.497499943,0.132499993,0.597500026,0.225559701,0.175037312,0.719141795,-3.98E-01,-1.40E-01
0.682499945,0.507499993,0.962500036,0.281434426,0.721024591,0.730942623,4.33E-01,7.29E-01
0.477499962,0.952499986,0.487500012,0.304067797,0.300338978,0.171779661,-2.13E+00,-2.62E-02
0.922499895,0.0025,0.632499993,0.222268519,0.78050926,0.280601852,1.08E-02,-7.54E-02
0.472499937,0.757499993,0.307500005,0.222268519,0.78050926,0.280601852,-1.66E+00,7.83E-01
0.12249998,0.827499986,0.462500006,0.225559701,0.175037312,0.719141795,-2.32E+00,2.07E-01
0.237499967,0.482499987,0.292499989,0.281434426,0.721024591,0.730942623,-8.45E-01,-3.10E-02
0.592499912,0.337500006,0.522499979,0.304067797,0.300338978,0.171779661,-3.28E-01,4.08E-01
0.737499952,0.667500019,0.432500005,0.304067797,0.300338978,0.171779661,-5.21E-01,-1.34E+00
0.417499959,0.252499998,0.637499988,0.304067797,0.300338978,0.171779661,-3.12E-01,8.31E-02
0.132499978,0.157499999,0.162499994,0.8195,0.731357142,0.707714278,-3.31E-01,-2.58E-02
0.197499976,0.417499989,0.707499981,0.8195,0.731357142,0.707714278,-8.24E-01,-3.85E-01
0.982499897,0.162499994,0.892499983,0.222268519,0.78050926,0.280601852,3.11E-01,-6.05E-03
0.55249995,0.247500002,0.027499987,0.304067797,0.300338978,0.171779661,-1.30E-01,-2.72E-02
0.057499986,0.857500017,0.11249999,0.8195,0.731357142,0.707714278,-1.68E+00,-2.11E-01
0.287499964,0.257499993,0.942499995,0.281434426,0.721024591,0.730942623,-5.27E-01,4.56E-01
0.7924999,0.6875,0.997500002,0.225559701,0.175037312,0.719141795,-2.09E+00,3.04E+00
0.939999998,0.970000029,0.980000019,0.828195276,0.20618343,0.800798813,-4.83E-01,6.21E+00
0.850000024,0.879999995,0.889999986,0.8195,0.731357142,0.707714278,-1.89E+00,2.43E+00
0.939999998,0.860000014,0.970000029,0.828195276,0.20618343,0.800798813,-2.25E+00,8.10E+00
0.949999988,1.019999981,0.980000019,0.828195276,0.20618343,0.800798813,-1.52E+00,7.47E+00
0.939999998,0.920000017,0.910000026,0.281434426,0.721024591,0.730942623,2.07E+00,4.71E+00
0.949999988,0.829999983,0.99000001,0.828195276,0.20618343,0.800798813,-4.08E+00,6.72E+00
0.879999995,0.959999979,0.99000001,0.281434426,0.721024591,0.730942623,2.47E-01,4.80E+00
0.939999998,0.970000029,0.970000029,0.281434426,0.721024591,0.730942623,-4.12E+00,7.24E+00
0.939999998,0.970000029,0.970000029,0.828195276,0.20618343,0.800798813,-2.36E+00,8.41E+00
0.939999998,1.019999981,0.970000029,0.222268519,0.78050926,0.280601852,-3.12E-01,3.62E+00
0.939999998,1.019999981,0.970000029,0.222268519,0.78050926,0.280601852,1.41E+00,2.84E+00
0.939999998,0.860000014,0.920000017,0.828195276,0.20618343,0.800798813,-2.42E+00,5.59E+00
0.879999995,1,0.839999974,0.281434426,0.721024591,0.730942623,-8.73E-01,3.19E+00
0.939999998,0.970000029,0.970000029,0.222268519,0.78050926,0.280601852,-7.53E-01,2.28E+00
0.879999995,0.949999988,0.970000029,0.281434426,0.721024591,0.730942623,-1.31E+00,4.75E+00
0.899999976,0.730000019,0.910000026,0.828195276,0.20618343,0.800798813,-1.75E+00,2.52E+00
0.939999998,0.970000029,0.970000029,0.828195276,0.20618343,0.800798813,-1.83E+00,8.22E+00
0.949999988,0.430000007,0.720000029,0.225559701,0.175037312,0.719141795,-1.17E+00,-1.65E-01
0.129999995,0.07,0.039999999,0.8195,0.731357142,0.707714278,-2.45E-01,8.73E-02
0.219999999,0.170000002,0.879999995,0.225559701,0.175037312,0.719141795,-3.45E-01,9.53E-02
0.939999998,1.019999981,0.920000017,0.8195,0.731357142,0.707714278,-8.32E-01,2.85E+00
0.879999995,0.189999998,0.370000005,0.222268519,0.78050926,0.280601852,-3.63E-01,5.86E-01
0.189999998,0.109999999,0.810000002,0.281434426,0.721024591,0.730942623,-2.33E-01,5.47E-02
0.189999998,0.109999999,0.699999988,0.222268519,0.78050926,0.280601852,-1.39E-01,-4.39E-02
0.939999998,0.540000021,0.170000002,0.738979588,0.189081632,0.306326531,-1.83E-01,-2.24E-01
0.119999997,0.109999999,0.479999989,0.225559701,0.175037312,0.719141795,-3.31E-01,-8.30E-02
0.200000003,0.370000005,0.970000029,0.222268519,0.78050926,0.280601852,-4.96E-01,1.32E-01
0.129999995,0.159999996,0.540000021,0.281434426,0.721024591,0.730942623,-3.35E-01,8.36E-02
0.879999995,0.850000024,0.180000007,0.281434426,0.721024591,0.730942623,-1.35E-01,-1.91E+00
0.119999997,0.109999999,0.409999996,0.828195276,0.20618343,0.800798813,-3.21E-01,6.58E-03
0.939999998,0.529999971,0.660000026,0.222268519,0.78050926,0.280601852,-1.27E+00,1.44E+00
0.129999995,0.159999996,0.550000012,0.281434426,0.721024591,0.730942623,-3.32E-01,2.86E-02
0.930000007,0.189999998,0.02,0.222268519,0.78050926,0.280601852,2.36E-01,2.12E-02
0.370000005,0.029999999,0,0.281434426,0.721024591,0.730942623,-1.72E-01,-1.60E-01
0.379999995,0.090000004,0.189999998,0.281434426,0.721024591,0.730942623,-2.91E-01,2.23E-01
0.02,0.189999998,0.02,0.222268519,0.78050926,0.280601852,-2.53E-01,-5.85E-03
0.039999999,0.01,0.620000005,0.222268519,0.78050926,0.280601852,-1.32E-01,-1.16E-01
0.159999996,0.150000006,0.980000019,0.225559701,0.175037312,0.719141795,-3.25E-01,8.16E-02
0.029999999,0.270000011,0.970000029,0.304067797,0.300338978,0.171779661,-3.61E-01,6.46E-02
0.029999999,0.270000011,0.839999974,0.304067797,0.300338978,0.171779661,-3.58E-01,6.60E-02
0.810000002,0.379999995,0.07,0.225559701,0.175037312,0.719141795,-5.50E-01,-6.36E-01
0.159999996,0.150000006,0.980000019,0.828195276,0.20618343,0.800798813,-3.48E-01,3.41E-01
0.899999976,0.920000017,0.079999998,0.828195276,0.20618343,0.800798813,-1.14E+00,-2.97E+00
0.150000006,0.360000014,0.970000029,0.222268519,0.78050926,0.280601852,-5.46E-01,2.17E-01
0.200000003,0.370000005,0.970000029,0.281434426,0.721024591,0.730942623,-6.82E-01,3.85E-01
0.02,0.189999998,0.839999974,0.281434426,0.721024591,0.730942623,-3.50E-01,1.92E-02
0.810000002,0.860000014,0.109999999,0.8195,0.731357142,0.707714278,-1.18E+00,-2.32E+00
0.02,0.189999998,0.839999974,0.828195276,0.20618343,0.800798813,-3.08E-01,-1.52E-02
0.939999998,0.600000024,0.119999997,0.8195,0.731357142,0.707714278,3.62E-01,-5.67E-01
0.469999999,0.050000001,0.970000029,0.304067797,0.300338978,0.171779661,-1.02E-01,-6.06E-03
0.810000002,0.569999993,0.119999997,0.738979588,0.189081632,0.306326531,-2.06E-02,-4.51E-01
0.800000012,0.910000026,0.01,0.828195276,0.20618343,0.800798813,1.01E+00,-5.79E+00
0.99000001,0.639999986,0.209999993,0.225559701,0.175037312,0.719141795,1.66E+00,-2.01E+00
0.959999979,0.819999993,0.01,0.304067797,0.300338978,0.171779661,-3.31E-01,-1.05E+00
0.02,0.189999998,0.839999974,0.225559701,0.175037312,0.719141795,-3.39E-01,-1.49E-01
0.930000007,0.930000007,0.029999999,0.222268519,0.78050926,0.280601852,-7.78E-01,-2.84E+00
0.930000007,0.930000007,0.029999999,0.222268519,0.78050926,0.280601852,-5.87E-01,-2.66E+00
0.99000001,0.779999971,0.209999993,0.828195276,0.20618343,0.800798813,8.88E-01,-2.81E-01
0.949999988,0.860000014,0.109999999,0.888810683,0.856868937,0.157839806,-7.62E-01,-1.75E+00
0.939999998,1.039999962,0.540000021,0.225559701,0.175037312,0.719141795,-2.25E+00,-6.45E-01
0.550000012,0.970000029,0.370000005,0.225559701,0.175037312,0.719141795,-2.47E+00,-5.01E-01
0.519999981,1.029999971,0.449999988,0.225559701,0.175037312,0.719141795,-3.80E+00,1.57E-01
0.670000017,0.970000029,0.460000008,0.225559701,0.175037312,0.719141795,-2.76E+00,-2.01E-01
0.670000017,0.970000029,0.389999986,0.225559701,0.175037312,0.719141795,-2.89E+00,-4.34E-01
0.879999995,0.189999998,0.02,0.281434426,0.721024591,0.730942623,-2.62E-01,-5.89E-01
0.610000014,0.119999997,0.74000001,0.828195276,0.20618343,0.800798813,-2.15E-01,-2.83E-01
0.939999998,0.550000012,0.170000002,0.738979588,0.189081632,0.306326531,2.01E-01,-2.73E-01
0.939999998,1.039999962,0.920000017,0.8195,0.731357142,0.707714278,-5.48E-01,2.97E+00
0.99000001,0.50999999,0.860000014,0.8195,0.731357142,0.707714278,-1.51E+00,4.03E-01
0.930000007,0.340000004,0.330000013,0.225559701,0.175037312,0.719141795,-9.72E-01,-2.27E-01
0.850000024,0.930000007,0.029999999,0.738979588,0.189081632,0.306326531,9.09E-01,-4.44E+00
0.850000024,0.850000024,0.079999998,0.738979588,0.189081632,0.306326531,6.51E-01,-2.98E+00
0.99000001,0.779999971,0.209999993,0.828195276,0.20618343,0.800798813,1.47E-01,4.21E-01
0.029999999,0.270000011,0.970000029,0.225559701,0.175037312,0.719141795,-4.71E-01,1.17E-01
0.74000001,0.889999986,0.01,0.828195276,0.20618343,0.800798813,8.43E-01,-4.27E+00
0.200000003,0.370000005,0.970000029,0.222268519,0.78050926,0.280601852,-4.73E-01,1.38E-01
0.200000003,0.370000005,0.970000029,0.222268519,0.78050926,0.280601852,-4.91E-01,1.03E-01
0.930000007,0.930000007,0.029999999,0.888810683,0.856868937,0.157839806,-4.13E-01,-2.52E+00
0.029999999,0.270000011,0.970000029,0.281434426,0.721024591,0.730942623,-4.49E-01,-5.56E-02
0.029999999,0.270000011,0.970000029,0.281434426,0.721024591,0.730942623,-4.31E-01,7.01E-02
1,0.970000029,0.970000029,0.828195276,0.20618343,0.800798813,-2.37E+00,9.43E+00
0.959999979,0.970000029,0.970000029,0.828195276,0.20618343,0.800798813,-1.98E+00,5.81E+00
0.959999979,0.970000029,0.970000029,0.828195276,0.20618343,0.800798813,-1.99E+00,8.61E+00
0.939999998,0.970000029,0.970000029,0.828195276,0.20618343,0.800798813,-1.26E+00,4.35E+00
0.939999998,0.970000029,0.970000029,0.828195276,0.20618343,0.800798813,-2.03E+00,3.18E+00
1.029999971,1.029999971,0.959999979,0.828195276,0.20618343,0.800798813,-7.34E+00,1.17E+01
0.949999988,0.949999988,0.970000029,0.828195276,0.20618343,0.800798813,-2.51E+00,4.08E+00
0.939999998,1.029999971,0.970000029,0.828195276,0.20618343,0.800798813,-2.40E+00,5.71E+00
0.959999979,1.029999971,0.970000029,0.828195276,0.20618343,0.800798813,-3.00E+00,6.91E+00
1.019999981,0.970000029,0.970000029,0.828195276,0.20618343,0.800798813,-1.91E+00,6.48E+00
0.949999988,1.029999971,0.970000029,0.828195276,0.20618343,0.800798813,-1.78E+00,6.24E+00
0.949999988,0.970000029,0.970000029,0.828195276,0.20618343,0.800798813,-3.01E+00,3.65E+00
0.959999979,1.039999962,0.970000029,0.828195276,0.20618343,0.800798813,-1.86E+00,7.45E+00
1,0.970000029,0.970000029,0.828195276,0.20618343,0.800798813,-5.20E+00,4.06E+00
0.939999998,1.029999971,0.970000029,0.828195276,0.20618343,0.800798813,-2.79E+00,6.32E+00
1.029999971,1.029999971,0.970000029,0.828195276,0.20618343,0.800798813,-3.75E+00,1.05E+01
0.879999995,0.959999979,0.910000026,0.828195276,0.20618343,0.800798813,-1.72E+00,3.50E+00
0.670000017,0.920000017,0.920000017,0.828195276,0.20618343,0.800798813,-2.36E+00,4.70E+00
0.939999998,0.970000029,0.709999979,0.8195,0.731357142,0.707714278,-2.66E+00,1.10E+00
1,0.879999995,0.119999997,0.8195,0.731357142,0.707714278,-2.52E+00,-4.80E+00
0.899999976,0.860000014,0.109999999,0.8195,0.731357142,0.707714278,-1.44E+00,-2.94E+00
1.019999981,0.300000012,0.25999999,0.281434426,0.721024591,0.730942623,-5.98E-01,-2.64E-01
0.930000007,0.920000017,0.920000017,0.828195276,0.20618343,0.800798813,-2.36E+00,2.89E+00
0.800000012,0.620000005,0.920000017,0.888810683,0.856868937,0.157839806,-3.70E-01,8.97E-01
0.479999989,0.090000004,0.589999974,0.222268519,0.78050926,0.280601852,-1.28E-01,7.18E-02
0.25999999,0.230000004,0.050000001,0.222268519,0.78050926,0.280601852,-2.50E-01,1.73E-02
1,0.550000012,0.379999995,0.828195276,0.20618343,0.800798813,4.36E-01,1.12E+00
0.340000004,0.209999993,0.949999988,0.8195,0.731357142,0.707714278,-3.08E-01,3.27E-01
0.879999995,0.090000004,0.589999974,0.225559701,0.175037312,0.719141795,-1.28E-01,-2.15E-02
0.639999986,0.649999976,0.01,0.8195,0.731357142,0.707714278,-4.34E-01,-2.02E+00
0.879999995,0.469999999,0.439999998,0.281434426,0.721024591,0.730942623,-1.29E+00,6.94E-01
0.639999986,0.649999976,0.01,0.738979588,0.189081632,0.306326531,-1.60E+00,-1.04E+00
1,1.00999999,0.980000019,0.828195276,0.20618343,0.800798813,-1.97E+00,9.27E+00
0.879999995,0.959999979,0.029999999,0.828195276,0.20618343,0.800798813,-3.63E+00,-7.24E+00
0.930000007,0.930000007,0.029999999,0.738979588,0.189081632,0.306326531,-1.71E+00,-3.00E+00
0.930000007,0.970000029,0.079999998,0.828195276,0.20618343,0.800798813,-2.91E+00,-8.54E+00
0.959999979,0.970000029,0.119999997,0.828195276,0.20618343,0.800798813,-2.25E+00,-6.72E+00
0.930000007,0.99000001,0.079999998,0.828195276,0.20618343,0.800798813,-2.87E+00,-8.89E+00
0.939999998,0.970000029,0.150000006,0.828195276,0.20618343,0.800798813,-3.16E+00,-5.42E+00
0.340000004,0.209999993,0.970000029,0.828195276,0.20618343,0.800798813,-4.86E-01,2.65E-01
0.949999988,0.860000014,0.109999999,0.8195,0.731357142,0.707714278,-1.13E+00,-3.08E+00
0.649999976,0.059999999,0.519999981,0.828195276,0.20618343,0.800798813,-2.34E-01,1.96E-01
0.540000021,0.180000007,0.370000005,0.888810683,0.856868937,0.157839806,-2.35E-01,-1.37E-01
0.389999986,0.409999996,0.959999979,0.738979588,0.189081632,0.306326531,-4.09E-01,-7.54E-02
0.879999995,0.289999992,0.379999995,0.225559701,0.175037312,0.719141795,2.96E-01,1.37E-01
0.879999995,0.5,0.439999998,0.281434426,0.721024591,0.730942623,-1.52E+00,7.36E-01
0.939999998,0.970000029,0.970000029,0.222268519,0.78050926,0.280601852,1.17E-01,2.74E+00
0.419999987,0.419999987,0.930000007,0.8195,0.731357142,0.707714278,-7.00E-01,5.43E-01
0.930000007,0.949999988,0.01,0.828195276,0.20618343,0.800798813,-2.24E+00,-5.91E+00
0.879999995,0.930000007,0.029999999,0.828195276,0.20618343,0.800798813,-2.66E+00,-6.72E+00
0.949999988,0.970000029,0.01,0.828195276,0.20618343,0.800798813,-1.32E-01,-4.68E+00
1.019999981,0.819999993,0.100000001,0.828195276,0.20618343,0.800798813,-3.11E-01,-2.49E+00
0.930000007,0.839999974,0.079999998,0.828195276,0.20618343,0.800798813,-3.45E+00,-6.58E+00
0.949999988,0.860000014,0.109999999,0.828195276,0.20618343,0.800798813,2.30E+00,-4.69E+00
0.870000005,0.579999983,0.140000001,0.738979588,0.189081632,0.306326531,3.28E-01,-4.25E-01
0.660000026,0.649999976,0.01,0.828195276,0.20618343,0.800798813,-5.08E-01,-3.11E+00
0.959999979,0.819999993,0.01,0.304067797,0.300338978,0.171779661,-6.58E-01,-8.01E-01
0.289999992,0.140000001,0.939999998,0.281434426,0.721024591,0.730942623,-3.42E-01,2.66E-01
0.959999979,0.74000001,0.07,0.225559701,0.175037312,0.719141795,-1.49E+00,-3.31E+00
0.930000007,0.810000002,0.140000001,0.828195276,0.20618343,0.800798813,1.47E+00,-2.70E+00
0.129999995,0.159999996,0.970000029,0.281434426,0.721024591,0.730942623,-3.82E-01,2.14E-01
1,0.860000014,0.109999999,0.225559701,0.175037312,0.719141795,-4.97E-01,-3.57E+00
0.949999988,0.949999988,0.029999999,0.828195276,0.20618343,0.800798813,-5.41E-01,-4.74E+00
1.019999981,0.5,0.189999998,0.225559701,0.175037312,0.719141795,-6.78E-01,1.34E-01
0.959999979,0.689999998,1,0.222268519,0.78050926,0.280601852,-1.20E+00,1.11E+00
0.879999995,0.810000002,0.01,0.828195276,0.20618343,0.800798813,1.40E+00,-4.05E+00
0.930000007,0.730000019,0.079999998,0.828195276,0.20618343,0.800798813,-2.47E+00,-6.10E+00
0.939999998,0.860000014,0.109999999,0.828195276,0.20618343,0.800798813,1.94E+00,-5.16E+00
0.959999979,0.769999981,0.079999998,0.828195276,0.20618343,0.800798813,-1.70E-01,-1.81E+00
0.959999979,0.600000024,0.119999997,0.828195276,0.20618343,0.800798813,6.37E-01,-5.79E-02
0.930000007,0.970000029,0.079999998,0.828195276,0.20618343,0.800798813,-3.20E+00,-4.50E+00
0.810000002,0.649999976,0.01,0.8195,0.731357142,0.707714278,-5.36E-01,-2.65E+00
0.670000017,0.540000021,0.02,0.738979588,0.189081632,0.306326531,-4.32E-01,-3.31E-01
0.959999979,0.810000002,0.01,0.304067797,0.300338978,0.171779661,9.79E-01,-3.09E+00
1,0.879999995,0.029999999,0.8195,0.731357142,0.707714278,-6.36E-01,-5.13E+00
0.959999979,0.300000012,0.479999989,0.222268519,0.78050926,0.280601852,3.09E-01,4.93E-01
0.939999998,0.810000002,0.140000001,0.828195276,0.20618343,0.800798813,1.39E+00,-3.04E+00
1,1.029999971,0.109999999,0.828195276,0.20618343,0.800798813,-6.94E-01,-3.55E+00
0.930000007,0.930000007,0.109999999,0.828195276,0.20618343,0.800798813,-1.83E+00,-5.09E+00
0.850000024,0.930000007,0.029999999,0.738979588,0.189081632,0.306326531,9.52E-01,-4.52E+00
0.930000007,0.930000007,0.029999999,0.828195276,0.20618343,0.800798813,1.32E+00,-6.96E+00
0.930000007,0.970000029,0.01,0.828195276,0.20618343,0.800798813,9.12E-01,-7.43E+00
1,0.970000029,0.079999998,0.828195276,0.20618343,0.800798813,-2.28E+00,-8.05E+00
0.850000024,0.850000024,0.029999999,0.828195276,0.20618343,0.800798813,1.71E+00,-5.06E+00
0.939999998,0.800000012,0.01,0.828195276,0.20618343,0.800798813,3.80E-02,-3.05E+00
0.939999998,0.800000012,0.029999999,0.828195276,0.20618343,0.800798813,3.82E-01,-3.43E+00
0.939999998,0.850000024,0.079999998,0.738979588,0.189081632,0.306326531,5.93E-01,-3.15E+00
0.850000024,0.879999995,0.029999999,0.828195276,0.20618343,0.800798813,1.34E+00,-5.35E+00
0.939999998,0.649999976,0.079999998,0.828195276,0.20618343,0.800798813,7.13E-01,-5.32E-01
0.949999988,0.970000029,0.01,0.828195276,0.20618343,0.800798813,1.53E+00,-7.55E+00
0.879999995,0.620000005,0.109999999,0.828195276,0.20618343,0.800798813,-3.36E-02,-3.25E+00
0.709999979,0.689999998,0.029999999,0.828195276,0.20618343,0.800798813,-1.66E+00,-3.95E+00
0.959999979,0.870000005,0.109999999,0.828195276,0.20618343,0.800798813,1.33E+00,-4.69E+00
0.889999986,0.670000017,0.01,0.738979588,0.189081632,0.306326531,-7.55E-01,-1.10E+00
0.810000002,0.870000005,0.109999999,0.828195276,0.20618343,0.800798813,1.43E+00,-4.03E+00
0.119999997,0.109999999,0.949999988,0.281434426,0.721024591,0.730942623,-2.97E-01,-5.67E-02
0.029999999,0.270000011,0.970000029,0.888810683,0.856868937,0.157839806,-3.16E-01,-1.33E-02
0.949999988,0.709999979,0.01,0.225559701,0.175037312,0.719141795,-8.40E-01,-3.63E+00
0.839999974,0.649999976,0.01,0.225559701,0.175037312,0.719141795,-2.89E-01,-1.60E+00
0.050000001,0.180000007,0.730000019,0.888810683,0.856868937,0.157839806,-2.42E-01,3.08E-02
0.930000007,0.340000004,0.330000013,0.281434426,0.721024591,0.730942623,5.62E-01,1.83E-01
0.939999998,0.360000014,0.330000013,0.281434426,0.721024591,0.730942623,-8.45E-01,-9.90E-03
0.930000007,0.99000001,0.079999998,0.828195276,0.20618343,0.800798813,-2.57E+00,-6.59E+00
0.029999999,0.270000011,0.910000026,0.888810683,0.856868937,0.157839806,-3.31E-01,1.36E-02
0.939999998,0.289999992,0.319999993,0.281434426,0.721024591,0.730942623,-7.19E-01,-6.56E-02
0.959999979,0.620000005,0.180000007,0.304067797,0.300338978,0.171779661,-5.19E-01,-7.03E-01
0.879999995,0.629999995,0.170000002,0.304067797,0.300338978,0.171779661,-3.35E-01,2.93E-02
0.930000007,0.930000007,0.029999999,0.828195276,0.20618343,0.800798813,2.07E+00,-5.98E+00
0.959999979,0.649999976,0.109999999,0.738979588,0.189081632,0.306326531,-6.56E-01,-4.05E-01
0.610000014,0.379999995,0.189999998,0.225559701,0.175037312,0.719141795,-9.19E-01,-4.91E-01
0.400000006,0.540000021,0.079999998,0.304067797,0.300338978,0.171779661,-6.18E-01,-3.39E-01
0.959999979,0.300000012,0.479999989,0.281434426,0.721024591,0.730942623,4.32E-01,7.19E-01
0.25,0.200000003,0.850000024,0.888810683,0.856868937,0.157839806,-2.65E-01,-1.57E-02
1,0.970000029,0.01,0.828195276,0.20618343,0.800798813,1.13E+00,-6.44E+00
0.930000007,0.930000007,0.01,0.828195276,0.20618343,0.800798813,1.87E+00,-5.90E+00
0.129999995,0.159999996,0.889999986,0.8195,0.731357142,0.707714278,-2.73E-01,-1.67E-01
0.949999988,0.930000007,0.01,0.828195276,0.20618343,0.800798813,-3.80E-01,-3.88E+00
0.029999999,0.270000011,0.910000026,0.888810683,0.856868937,0.157839806,-3.25E-01,-4.25E-02
0.959999979,0.639999986,0.07,0.225559701,0.175037312,0.719141795,-1.12E+00,-2.45E+00
0.270000011,0.289999992,0.959999979,0.888810683,0.856868937,0.157839806,-3.26E-01,-5.71E-03
0.949999988,0.819999993,0.01,0.304067797,0.300338978,0.171779661,4.80E-01,-2.46E+00
0.939999998,0.379999995,0.569999993,0.222268519,0.78050926,0.280601852,-5.12E-02,6.62E-01
0.879999995,0.930000007,0.01,0.738979588,0.189081632,0.306326531,-1.06E-01,-4.32E+00
0.930000007,0.970000029,0.079999998,0.828195276,0.20618343,0.800798813,-2.33E-01,-2.88E+00
0.930000007,0.230000004,0.330000013,0.225559701,0.175037312,0.719141795,2.81E-01,2.65E-02
0.949999988,0.430000007,0.140000001,0.225559701,0.175037312,0.719141795,8.49E-01,-1.10E+00
0.129999995,0.109999999,0.949999988,0.281434426,0.721024591,0.730942623,-3.00E-01,7.02E-02
0.939999998,0.730000019,0.029999999,0.8195,0.731357142,0.707714278,-1.48E-01,-3.60E+00
0.029999999,0.270000011,0.970000029,0.888810683,0.856868937,0.157839806,-3.03E-01,1.95E-02
0.239999995,0.289999992,0.970000029,0.888810683,0.856868937,0.157839806,-3.10E-01,7.25E-02
1,0.930000007,0.029999999,0.828195276,0.20618343,0.800798813,-6.10E-01,-4.00E+00
0.310000002,0.270000011,0.949999988,0.888810683,0.856868937,0.157839806,-2.86E-01,5.73E-02
0.930000007,0.930000007,0.02,0.828195276,0.20618343,0.800798813,-1.95E+00,-9.15E+00
0.059999999,0.270000011,0.970000029,0.888810683,0.856868937,0.157839806,-2.77E-01,9.41E-03
0.119999997,0.109999999,0.99000001,0.8195,0.731357142,0.707714278,-3.23E-01,-1.55E-01
0.379999995,0.270000011,0.970000029,0.888810683,0.856868937,0.157839806,-2.51E-01,7.22E-02
0.129999995,0.25999999,0.899999976,0.888810683,0.856868937,0.157839806,-3.18E-01,3.39E-02
0.930000007,0.74000001,0.07,0.738979588,0.189081632,0.306326531,-1.08E+00,-5.65E-01
0.540000021,0.25999999,0.460000008,0.304067797,0.300338978,0.171779661,-2.83E-01,2.20E-01
1,0.879999995,0.029999999,0.828195276,0.20618343,0.800798813,-1.72E+00,-6.63E+00
0.899999976,0.920000017,0.079999998,0.828195276,0.20618343,0.800798813,-2.84E+00,-6.27E+00
0.949999988,0.370000005,0.899999976,0.888810683,0.856868937,0.157839806,-1.17E-01,-1.03E-01
0.949999988,0.730000019,0.02,0.738979588,0.189081632,0.306326531,-1.17E-01,-2.77E+00
0.930000007,0.970000029,0.01,0.828195276,0.20618343,0.800798813,-2.29E+00,-9.90E+00
0.930000007,0.930000007,0.01,0.828195276,0.20618343,0.800798813,2.04E+00,-6.62E+00
0.930000007,0.930000007,0.01,0.828195276,0.20618343,0.800798813,1.53E+00,-6.14E+00
0.930000007,0.879999995,0.02,0.828195276,0.20618343,0.800798813,-2.35E+00,-8.68E+00
0.059999999,0.270000011,0.970000029,0.888810683,0.856868937,0.157839806,-2.81E-01,-4.29E-02
0.119999997,0.109999999,0.99000001,0.8195,0.731357142,0.707714278,-3.28E-01,-1.49E-01
0.029999999,0.270000011,0.970000029,0.888810683,0.856868937,0.157839806,-3.26E-01,-2.76E-02
0.159999996,0.090000004,0.970000029,0.281434426,0.721024591,0.730942623,-3.20E-01,9.77E-03
1,0.850000024,0.029999999,0.828195276,0.20618343,0.800798813,-6.95E-02,-4.75E+00
0.899999976,0.340000004,0.330000013,0.222268519,0.78050926,0.280601852,-1.03E-01,3.49E-01
0.409999996,0.289999992,0.029999999,0.304067797,0.300338978,0.171779661,-4.21E-01,-1.90E-01
0.930000007,0.930000007,0.029999999,0.828195276,0.20618343,0.800798813,2.50E+00,-6.74E+00
0.930000007,0.839999974,0.079999998,0.828195276,0.20618343,0.800798813,-1.79E+00,-7.12E+00
0.939999998,0.860000014,0.029999999,0.828195276,0.20618343,0.800798813,-2.11E-01,-3.04E+00
0.129999995,0.159999996,0.689999998,0.888810683,0.856868937,0.157839806,-2.22E-01,1.67E-02
0.949999988,0.430000007,0.150000006,0.225559701,0.175037312,0.719141795,8.89E-01,-1.03E+00
0.379999995,0.270000011,0.970000029,0.888810683,0.856868937,0.157839806,-2.50E-01,3.37E-02
0.779999971,0.600000024,0.01,0.225559701,0.175037312,0.719141795,-6.58E-01,-1.65E+00
0.07,0.180000007,0.980000019,0.888810683,0.856868937,0.157839806,-2.27E-01,-2.05E-02
1,0.879999995,0.029999999,0.8195,0.731357142,0.707714278,-3.79E+00,-5.86E+00
0.159999996,0.150000006,0.959999979,0.888810683,0.856868937,0.157839806,-1.95E-01,2.37E-02
0.949999988,0.430000007,0.150000006,0.304067797,0.300338978,0.171779661,-2.44E-02,-9.11E-02
1,0.879999995,0.029999999,0.828195276,0.20618343,0.800798813,3.72E-01,-4.41E+00
0.910000026,0.649999976,0.07,0.304067797,0.300338978,0.171779661,-4.98E-01,-5.01E-01
0.75,0.340000004,0.330000013,0.222268519,0.78050926,0.280601852,-2.16E-01,2.03E-01
0.159999996,0.090000004,0.970000029,0.281434426,0.721024591,0.730942623,-3.39E-01,-2.13E-02
0.790000021,0.310000002,0.529999971,0.304067797,0.300338978,0.171779661,-1.53E-01,1.24E-02
0.550000012,0.25,0.029999999,0.304067797,0.300338978,0.171779661,-3.94E-01,-1.97E-01
0.75,0.360000014,0.389999986,0.222268519,0.78050926,0.280601852,-2.67E-01,3.10E-01
0.059999999,0.270000011,0.970000029,0.888810683,0.856868937,0.157839806,-2.77E-01,-1.50E-02
0.159999996,0.150000006,0.970000029,0.8195,0.731357142,0.707714278,-3.06E-01,-2.21E-01
0.039999999,0.109999999,0.910000026,0.828195276,0.20618343,0.800798813,-2.28E-01,-2.86E-02
0.899999976,0.340000004,0.330000013,0.281434426,0.721024591,0.730942623,4.95E-01,1.36E-01
0.119999997,0.109999999,0.99000001,0.8195,0.731357142,0.707714278,-2.19E-01,-1.65E-01
0.029999999,0.189999998,0.970000029,0.888810683,0.856868937,0.157839806,-2.22E-01,2.73E-02
0.949999988,0.970000029,0.01,0.828195276,0.20618343,0.800798813,1.95E+00,-8.02E+00
1,0.879999995,0.029999999,0.828195276,0.20618343,0.800798813,-6.13E+00,-7.27E+00
0.289999992,0.140000001,0.970000029,0.8195,0.731357142,0.707714278,-3.42E-01,8.10E-02
0.850000024,0.310000002,0.529999971,0.304067797,0.300338978,0.171779661,-6.37E-02,-2.03E-01
0.899999976,0.879999995,0.01,0.828195276,0.20618343,0.800798813,-3.62E-01,-3.48E+00
1,0.819999993,0.029999999,0.8195,0.731357142,0.707714278,-4.13E-01,-4.13E+00
0.119999997,0.109999999,1,0.8195,0.731357142,0.707714278,-2.49E-01,-1.53E-01
0.07,0.140000001,0.970000029,0.8195,0.731357142,0.707714278,-2.40E-01,-5.10E-02
0.300000012,0.159999996,0.889999986,0.8195,0.731357142,0.707714278,-2.84E-01,-2.08E-01
0.419999987,0.090000004,0.930000007,0.8195,0.731357142,0.707714278,-3.34E-01,-7.40E-01
0.159999996,0.090000004,0.970000029,0.281434426,0.721024591,0.730942623,-3.60E-01,-1.31E-01
0.779999971,0.600000024,0.01,0.225559701,0.175037312,0.719141795,-8.34E-01,-1.83E+00
0.379999995,0.230000004,0.970000029,0.888810683,0.856868937,0.157839806,-2.06E-01,4.03E-02
0.959999979,0.920000017,0.079999998,0.828195276,0.20618343,0.800798813,-3.13E+00,-6.16E+00
1,0.50999999,0.01,0.828195276,0.20618343,0.800798813,1.71E+00,-1.45E+00
0.99000001,0.600000024,0.01,0.828195276,0.20618343,0.800798813,-2.33E+00,-3.57E+00
0.939999998,0.600000024,0.01,0.828195276,0.20618343,0.800798813,1.82E+00,-2.25E+00
0.959999979,0.569999993,0.01,0.828195276,0.20618343,0.800798813,1.21E+00,-8.48E-01
1,0.730000019,0.02,0.828195276,0.20618343,0.800798813,-2.01E+00,-6.66E+00
0.99000001,0.810000002,0.01,0.828195276,0.20618343,0.800798813,2.66E+00,-5.86E+00
0.949999988,0.49000001,0.029999999,0.304067797,0.300338978,0.171779661,1.04E+00,-9.73E-01
0.99000001,0.810000002,0.01,0.828195276,0.20618343,0.800798813,2.63E+00,-5.68E+00
0.899999976,0.610000014,0.02,0.828195276,0.20618343,0.800798813,2.40E-01,-3.99E+00
0.930000007,0.930000007,0.01,0.828195276,0.20618343,0.800798813,1.92E+00,-6.20E+00
1,0.879999995,0.029999999,0.828195276,0.20618343,0.800798813,-2.36E+00,-6.95E+00
0.930000007,0.850000024,0.01,0.828195276,0.20618343,0.800798813,-2.64E+00,-7.43E+00
0.930000007,0.930000007,0.01,0.828195276,0.20618343,0.800798813,2.11E-01,-4.95E+00
0.119999997,0.109999999,0.99000001,0.888810683,0.856868937,0.157839806,-1.70E-01,-7.15E-03
0.99000001,0.970000029,0.01,0.8195,0.731357142,0.707714278,4.69E-01,-8.07E+00
0.949999988,0.930000007,0.01,0.828195276,0.20618343,0.800798813,3.83E-01,-3.66E+00
1.029999971,0.670000017,0.01,0.738979588,0.189081632,0.306326531,8.64E-01,-2.41E+00
0.949999988,0.730000019,0.02,0.828195276,0.20618343,0.800798813,1.07E+00,-2.05E+00
0.930000007,0.50999999,0.029999999,0.828195276,0.20618343,0.800798813,1.32E+00,-1.11E+00
0.879999995,0.319999993,0.01,0.828195276,0.20618343,0.800798813,5.91E-01,-1.77E-02
0.959999979,0.699999988,0.07,0.828195276,0.20618343,0.800798813,2.24E+00,-3.63E+00
0.800000012,0.370000005,0.01,0.738979588,0.189081632,0.306326531,3.11E-01,-2.34E-01
0.949999988,0.649999976,0.01,0.828195276,0.20618343,0.800798813,2.21E+00,-3.23E+00
0.800000012,0.370000005,0.01,0.738979588,0.189081632,0.306326531,4.31E-01,-2.56E-01
0.930000007,0.180000007,0.079999998,0.738979588,0.189081632,0.306326531,-4.47E-01,-5.71E-01
0.949999988,0.270000011,0.01,0.828195276,0.20618343,0.800798813,5.09E-01,2.82E-01
0.870000005,0.360000014,0.029999999,0.738979588,0.189081632,0.306326531,7.68E-02,-1.76E-01
0.930000007,0.449999988,0.079999998,0.828195276,0.20618343,0.800798813,-1.78E+00,-2.84E+00
0.959999979,0.419999987,0.02,0.828195276,0.20618343,0.800798813,9.08E-01,1.77E-01
0.879999995,0.600000024,0.029999999,0.828195276,0.20618343,0.800798813,1.48E+00,-2.30E+00
0.99000001,0.649999976,0.029999999,0.281434426,0.721024591,0.730942623,1.78E+00,-3.02E+00
0.99000001,0.50999999,0.01,0.828195276,0.20618343,0.800798813,1.10E+00,-8.17E-01
1,0.430000007,0.029999999,0.828195276,0.20618343,0.800798813,5.63E-01,-2.34E+00
0.949999988,0.430000007,0.01,0.828195276,0.20618343,0.800798813,1.20E+00,-7.16E-01
0.949999988,0.449999988,0.01,0.828195276,0.20618343,0.800798813,1.19E+00,-7.39E-01
0.930000007,0.610000014,0.029999999,0.225559701,0.175037312,0.719141795,1.69E+00,-2.90E+00
0.959999979,0.430000007,0.02,0.828195276,0.20618343,0.800798813,-1.25E+00,-3.13E+00
0.959999979,0.649999976,0.01,0.828195276,0.20618343,0.800798813,1.36E-01,-5.25E+00
0.930000007,0.74000001,0.07,0.828195276,0.20618343,0.800798813,-7.66E-01,-1.94E+00
0.930000007,0.74000001,0.07,0.828195276,0.20618343,0.800798813,-7.76E-01,-2.21E+00
0.959999979,0.300000012,0.01,0.828195276,0.20618343,0.800798813,7.23E-01,-7.61E-03
0.939999998,0.370000005,0.029999999,0.304067797,0.300338978,0.171779661,1.95E-01,-1.47E-01
0.930000007,0.189999998,0.02,0.738979588,0.189081632,0.306326531,3.06E-01,5.28E-02
0.939999998,0.529999971,0.01,0.304067797,0.300338978,0.171779661,1.33E+00,-1.72E+00
0.829999983,0.479999989,0.029999999,0.304067797,0.300338978,0.171779661,8.72E-02,-1.65E-01
0.870000005,0.439999998,0.090000004,0.738979588,0.189081632,0.306326531,2.76E-01,-3.83E-01
0.959999979,0.819999993,0.01,0.828195276,0.20618343,0.800798813,1.07E-01,-2.69E+00
0.949999988,0.25999999,0.029999999,0.828195276,0.20618343,0.800798813,-8.47E-01,-1.23E+00
0.99000001,0.779999971,0.01,0.828195276,0.20618343,0.800798813,1.82E-01,-2.63E+00
1.019999981,0.600000024,0.01,0.828195276,0.20618343,0.800798813,1.28E+00,-1.75E+00
1.019999981,0.360000014,0.029999999,0.304067797,0.300338978,0.171779661,3.87E-01,-1.22E-01
0.709999979,0.370000005,0.079999998,0.225559701,0.175037312,0.719141795,-6.20E-01,-7.58E-02
1,0.879999995,0.01,0.828195276,0.20618343,0.800798813,3.01E+00,-7.15E+00
0.879999995,0.300000012,0.029999999,0.738979588,0.189081632,0.306326531,8.44E-02,5.16E-02
0.589999974,0.340000004,0.01,0.304067797,0.300338978,0.171779661,-2.05E-01,-9.30E-02
0.600000024,0.330000013,0.079999998,0.225559701,0.175037312,0.719141795,-7.55E-01,-6.54E-01
1,0.879999995,0.029999999,0.828195276,0.20618343,0.800798813,2.33E+00,-5.95E+00
0.930000007,0.949999988,0.01,0.828195276,0.20618343,0.800798813,9.27E-01,-7.44E+00
0.720000029,0.270000011,0.02,0.225559701,0.175037312,0.719141795,-3.64E-01,-1.80E-01
0.910000026,0.319999993,0.129999995,0.304067797,0.300338978,0.171779661,1.19E-02,-3.27E-02
0.839999974,0.370000005,0.029999999,0.304067797,0.300338978,0.171779661,4.95E-02,-2.36E-01
0.829999983,0.330000013,0.100000001,0.225559701,0.175037312,0.719141795,3.58E-01,-4.64E-01
1,0.75,0.02,0.828195276,0.20618343,0.800798813,3.12E+00,-4.79E+00
0.159999996,0.090000004,0.970000029,0.888810683,0.856868937,0.157839806,-1.29E-01,2.95E-02
0.409999996,0.270000011,0.02,0.304067797,0.300338978,0.171779661,-2.50E-01,8.62E-02
0.319999993,0.090000004,1.029999971,0.888810683,0.856868937,0.157839806,-1.24E-01,1.09E-01
0.600000024,0.330000013,0.079999998,0.225559701,0.175037312,0.719141795,-7.39E-01,-6.43E-01
1,0.610000014,0.01,0.225559701,0.175037312,0.719141795,-4.15E-02,-1.52E+00
1,0.879999995,0.01,0.828195276,0.20618343,0.800798813,3.90E-01,-4.02E+00
1,0.930000007,0.01,0.828195276,0.20618343,0.800798813,4.37E-01,-4.84E+00
0.75,0.389999986,0.090000004,0.304067797,0.300338978,0.171779661,-1.07E-01,-6.53E-02
0.949999988,0.600000024,0.01,0.304067797,0.300338978,0.171779661,-5.45E-02,-8.83E-01
1,0.879999995,0.029999999,0.828195276,0.20618343,0.800798813,7.44E-02,-3.39E+00
0.159999996,0.150000006,0.980000019,0.888810683,0.856868937,0.157839806,-1.76E-01,3.32E-02
0.029999999,0.090000004,0.910000026,0.888810683,0.856868937,0.157839806,-1.49E-01,1.74E-03
0.779999971,0.270000011,0.02,0.225559701,0.175037312,0.719141795,-3.17E-01,-2.61E-01
1,0.860000014,0.029999999,0.828195276,0.20618343,0.800798813,1.02E+00,-2.97E+00
0.409999996,0.289999992,0.029999999,0.225559701,0.175037312,0.719141795,-5.48E-01,-4.17E-01
0.119999997,0.109999999,1.029999971,0.888810683,0.856868937,0.157839806,-1.55E-01,-1.88E-02
0.939999998,0.540000021,0.029999999,0.304067797,0.300338978,0.171779661,-2.85E-02,-4.45E-01
0.959999979,0.970000029,0.970000029,0.828195276,0.20618343,0.800798813,-7.26E+00,6.21E+00
1.029999971,1.029999971,0.959999979,0.828195276,0.20618343,0.800798813,-2.25E+00,9.34E+00
0.119999997,0.090000004,0.99000001,0.888810683,0.856868937,0.157839806,-1.51E-01,-5.31E-02
0.25999999,0.109999999,0.99000001,0.888810683,0.856868937,0.157839806,-1.63E-01,3.76E-02
0.170000002,0.109999999,0.970000029,0.888810683,0.856868937,0.157839806,-1.68E-01,3.11E-02
0.039999999,0.090000004,0.910000026,0.888810683,0.856868937,0.157839806,-1.49E-01,1.07E-02
0.239999995,0.129999995,0.970000029,0.888810683,0.856868937,0.157839806,-1.71E-01,-3.60E-02
0.029999999,0.029999999,0.970000029,0.222268519,0.78050926,0.280601852,-1.34E-01,-7.97E-03
0.029999999,0.150000006,0.970000029,0.888810683,0.856868937,0.157839806,-1.89E-01,2.17E-02
0.159999996,0.150000006,0.959999979,0.888810683,0.856868937,0.157839806,-1.94E-01,4.26E-02
0.119999997,0.01,0.99000001,0.888810683,0.856868937,0.157839806,-1.32E-01,-2.83E-02
0.170000002,0.109999999,0.959999979,0.888810683,0.856868937,0.157839806,-1.82E-01,7.67E-02
0.200000003,0.090000004,0.970000029,0.8195,0.731357142,0.707714278,-1.86E-01,-2.48E-01
0.200000003,0.090000004,0.970000029,0.8195,0.731357142,0.707714278,-1.85E-01,-2.41E-01
0.119999997,0.090000004,0.99000001,0.8195,0.731357142,0.707714278,-1.84E-01,4.66E-02
0.119999997,0.090000004,0.99000001,0.8195,0.731357142,0.707714278,-1.91E-01,-1.85E-01
0.119999997,0.090000004,0.99000001,0.888810683,0.856868937,0.157839806,-1.44E-01,-2.83E-02
0.039999999,0.01,1,0.8195,0.731357142,0.707714278,-1.64E-01,-9.81E-02
0.119999997,0.109999999,0.99000001,0.888810683,0.856868937,0.157839806,-1.70E-01,-9.24E-03
0.25999999,0.109999999,0.99000001,0.888810683,0.856868937,0.157839806,-1.57E-01,6.58E-03
0.379999995,0.349999994,0.02,0.304067797,0.300338978,0.171779661,-3.25E-01,1.20E-01
0.029999999,0.090000004,0.99000001,0.888810683,0.856868937,0.157839806,-1.47E-01,-1.25E-03
0.75,0.389999986,0.090000004,0.304067797,0.300338978,0.171779661,-1.58E-01,-6.96E-02
0.029999999,0.01,0.99000001,0.222268519,0.78050926,0.280601852,-1.44E-01,-7.21E-02
0.170000002,0.109999999,0.970000029,0.888810683,0.856868937,0.157839806,-1.61E-01,3.37E-02
0.029999999,0.090000004,0.970000029,0.888810683,0.856868937,0.157839806,-1.51E-01,2.37E-03
0.039999999,0.090000004,0.910000026,0.888810683,0.856868937,0.157839806,-1.45E-01,4.84E-03
0.720000029,0.5,0.02,0.225559701,0.175037312,0.719141795,-6.23E-01,-1.08E+00
0.959999979,0.600000024,0.01,0.225559701,0.175037312,0.719141795,2.20E-02,-2.12E+00
0.119999997,0.109999999,0.970000029,0.888810683,0.856868937,0.157839806,-1.48E-01,-2.29E-02
0.129999995,0.119999997,0.920000017,0.888810683,0.856868937,0.157839806,-1.79E-01,1.83E-02
0.239999995,0.129999995,0.970000029,0.888810683,0.856868937,0.157839806,-1.77E-01,-1.95E-02
0.07,0.01,1,0.888810683,0.856868937,0.157839806,-1.81E-01,-1.25E-02
0.029999999,0.109999999,0.99000001,0.888810683,0.856868937,0.157839806,-1.77E-01,3.63E-02
0.059999999,0.109999999,0.99000001,0.888810683,0.856868937,0.157839806,-1.66E-01,-9.54E-03
0.059999999,0.109999999,0.970000029,0.888810683,0.856868937,0.157839806,-1.69E-01,-1.71E-02
0.029999999,0.109999999,0.99000001,0.888810683,0.856868937,0.157839806,-1.74E-01,3.63E-02
0.029999999,0.109999999,0.970000029,0.888810683,0.856868937,0.157839806,-1.78E-01,3.19E-02
0.039999999,0.01,1,0.8195,0.731357142,0.707714278,-1.70E-01,-5.61E-02
0.119999997,0.090000004,0.99000001,0.888810683,0.856868937,0.157839806,-1.72E-01,2.88E-02
0.119999997,0.109999999,0.970000029,0.888810683,0.856868937,0.157839806,-1.75E-01,2.80E-04
0.07,0.140000001,0.99000001,0.888810683,0.856868937,0.157839806,-1.76E-01,-3.07E-02
0.119999997,0.109999999,0.99000001,0.888810683,0.856868937,0.157839806,-1.67E-01,1.42E-02
0.170000002,0.090000004,0.99000001,0.888810683,0.856868937,0.157839806,-1.76E-01,7.73E-02
0.119999997,0.109999999,0.99000001,0.888810683,0.856868937,0.157839806,-1.71E-01,1.09E-02
0.170000002,0.090000004,0.970000029,0.888810683,0.856868937,0.157839806,-1.84E-01,6.03E-02
0.029999999,0.100000001,0.970000029,0.888810683,0.856868937,0.157839806,-1.60E-01,2.96E-02
0.159999996,0.150000006,1,0.888810683,0.856868937,0.157839806,-1.93E-01,1.62E-02
0.949999988,0.370000005,1,0.222268519,0.78050926,0.280601852,-6.13E-02,2.71E-01
0.039999999,0.01,1,0.8195,0.731357142,0.707714278,-2.36E-01,-1.42E-01
0.039999999,0.01,1,0.8195,0.731357142,0.707714278,-2.10E-01,-5.62E-02
0.059999999,0.109999999,0.980000019,0.888810683,0.856868937,0.157839806,-1.69E-01,-1.61E-02
0.029999999,0.109999999,0.970000029,0.888810683,0.856868937,0.157839806,-1.69E-01,-7.45E-03
0.02,0.109999999,0.970000029,0.888810683,0.856868937,0.157839806,-1.66E-01,7.23E-04
0.029999999,0.109999999,0.99000001,0.888810683,0.856868937,0.157839806,-1.76E-01,3.67E-02
0.039999999,0.01,0.970000029,0.8195,0.731357142,0.707714278,-2.05E-01,-5.55E-02
0.159999996,0.090000004,0.99000001,0.888810683,0.856868937,0.157839806,-1.64E-01,-2.17E-02
0.029999999,0.109999999,0.970000029,0.888810683,0.856868937,0.157839806,-1.71E-01,2.25E-02
0.059999999,0.109999999,0.99000001,0.888810683,0.856868937,0.157839806,-1.56E-01,-1.71E-02
0.039999999,0.01,0.970000029,0.8195,0.731357142,0.707714278,-2.10E-01,-5.61E-02
0.159999996,0.109999999,0.99000001,0.888810683,0.856868937,0.157839806,-1.86E-01,-1.75E-02
0.07,0.109999999,0.949999988,0.888810683,0.856868937,0.157839806,-1.71E-01,-2.91E-02
0.039999999,0.01,0.970000029,0.8195,0.731357142,0.707714278,-1.95E-01,-8.11E-02
0.029999999,0.109999999,0.99000001,0.888810683,0.856868937,0.157839806,-1.92E-01,1.84E-02
0.039999999,0.01,1,0.8195,0.731357142,0.707714278,-2.40E-01,-1.69E-01
1,0.930000007,0.01,0.828195276,0.20618343,0.800798813,-1.85E+00,-5.54E+00
0.059999999,0.109999999,0.970000029,0.888810683,0.856868937,0.157839806,-1.74E-01,-3.86E-02
0.059999999,0.109999999,0.980000019,0.888810683,0.856868937,0.157839806,-1.73E-01,-3.61E-02
0.779999971,0.600000024,0.01,0.225559701,0.175037312,0.719141795,-6.43E-01,-2.82E+00
0.059999999,0.109999999,1,0.888810683,0.856868937,0.157839806,-1.69E-01,-1.72E-02
0.039999999,0.01,1,0.8195,0.731357142,0.707714278,-2.05E-01,-5.76E-02
0.07,0.109999999,0.99000001,0.888810683,0.856868937,0.157839806,-1.71E-01,-2.87E-02
0.039999999,0.01,0.970000029,0.8195,0.731357142,0.707714278,-2.19E-01,-8.34E-02
0.029999999,0.109999999,0.99000001,0.888810683,0.856868937,0.157839806,-1.97E-01,6.14E-04
0.119999997,0.090000004,0.99000001,0.888810683,0.856868937,0.157839806,-1.61E-01,-4.26E-02
0.289999992,0.059999999,1.00999999,0.281434426,0.721024591,0.730942623,-3.65E-01,4.23E-02
1,0.879999995,0.029999999,0.828195276,0.20618343,0.800798813,4.64E-01,-5.35E+00
0.039999999,0.090000004,0.99000001,0.888810683,0.856868937,0.157839806,-1.77E-01,3.13E-02
0.029999999,0.109999999,0.99000001,0.888810683,0.856868937,0.157839806,-1.86E-01,6.13E-02
0.039999999,0.01,0.970000029,0.281434426,0.721024591,0.730942623,-2.13E-01,-1.96E-01
