-1.213345528,0.072873689,-0.695359349
-1.36508894,-0.03170336,-3.083590984
0.027111148,-0.09752696,-2.016891241
-1.208952904,0.262605309,-0.119517356
-2.168283224,-0.104383901,-2.391314268
-2.280308008,-0.706499398,-1.178448915
-0.643695831,0.167674109,-0.085725069
-1.540578365,-0.177392483,-0.136316091
-1.120988488,-1.160956979,-10
0.009172479,-0.198237225,-0.10853564
-0.231218487,0.242408559,-0.222017616
-1.720306635,0.071435049,0.167669669
-3.578415632,0.140030026,-0.74826175
-3.94717145,0.023795824,-7.513047218
-2.620842934,-0.005912274,0.18300049
-0.487443149,-0.039742175,-0.821897805
-1.622546315,0.346730262,-0.674784243
-0.865005076,-0.017486157,0.089773796
-0.473010778,-0.078688726,-1.118209481
-0.845926642,0.042128313,-0.625148416
-0.558208346,-0.034566637,-0.30182761
0.012053726,0.017003059,-0.464353502
-1.255721927,0.043939639,0.157054976
3.600011587,0.347773552,-6.634117603
-1.395116448,-0.006850613,-0.619644105
-1.491848111,0.081172965,-0.624392629
-0.255659789,-0.109214447,-0.262290329
-1.717718601,0.06256967,0.007065197
-1.371610522,0.470193923,-0.081045263
-2.033808708,0.055664003,-0.412024766
-0.747294903,-0.135974586,-0.495576382
-1.986048818,-0.102546699,-0.252432853
0.043143719,-0.043510493,-0.151834965
-0.264875859,0.039218992,-0.396156609
-2.39565897,0.114802569,-1.412067771
-1.722305894,0.068202823,-1.523270249
-0.295175701,-0.223977163,-0.069830187
-0.575607836,0.03826822,-0.074530646
-0.697264075,-0.027113577,-1.058921218
-0.100059167,-0.390515417,-0.793996871
0.00896997,-0.003065337,-0.119246893
1.209513664,-0.45869568,-1.915738106
0.199570283,-0.062648773,-2.199767113
0.277797371,-0.273927361,-0.886732876
1.848356128,-1.616481662,-10
-0.495072126,0.052735873,-0.185562864
-1.03668797,0.385930389,-0.440236986
-0.120165199,0.037508365,-0.029342093
-0.295061618,-0.092865236,-0.153917938
-0.469749391,0.011039237,0.045467127
-1.561872005,-0.040280424,0.097760722
-1.098138094,0.291365474,-1.606541753
-0.594707251,-0.075365469,-0.899477839
0.008761624,-0.140066609,-0.80018723
-0.342178643,0.191764474,-0.401634455
-0.634319961,0.000950976,-0.3307482
-0.559978008,0.242539853,-0.007275253
-1.015970707,0.660118043,0.001913655
-0.714877963,-0.012005216,0.138001651
-0.405726939,-0.197797507,-3.352027893
-1.679904103,0.014529156,-1.683429241
0.232348025,-0.103050172,-1.546437263
-0.921397448,0.024178082,-0.665682912
0.175635591,-0.041037884,-3.403235435
-0.189214617,-0.026417961,-0.164887637
-1.264172435,-0.046247859,-0.444554687
-0.569064975,-0.053537957,-0.853895009
-0.772847056,-0.003512213,-0.568931401
-0.667752981,0.154574111,-0.968924403
-0.685161471,0.101271339,-1.011162877
-0.912822306,-0.05165736,-0.331457198
-0.538971305,-0.24221538,0.009442703
-2.113084555,-0.095211573,-0.725435793
-0.901534915,-0.469572365,-1.112277389
-1.032665849,-0.131935865,0.221863732
0.976058483,-1.018022776,-7.344810963
-1.728117347,-0.089916773,-1.140869379
-0.725497425,-0.0523245,-0.005247366
-3.334617138,-0.784257531,-3.985563517
-0.470637113,0.808926642,-1.48230803
-0.311421692,0.039908141,-0.426718295
-1.068883538,-0.883876026,-1.523829341
-0.729168773,0.052599773,-0.467410028
-1.419955611,0.061330788,0.217991158
-0.24295257,-1.249269128,-10
-1.447381616,-0.007606653,-1.636717319
-0.986101985,0.429440111,-0.968878627
0.238574788,0.027566222,-1.299503684
-0.340379596,0.028352849,-0.378136873
-0.78151685,-0.163435504,-0.055535812
-0.648209214,-0.132477224,-0.573836148
-1.06847477,-0.449001402,-2.554910421
0.36818704,-0.12371251,-2.747525215
-0.140850037,-0.193364218,-1.57482326
-1.315932393,-0.01177515,0.012241142
-1.356937289,0.129867226,-0.601085246
-0.775231898,0.016453996,0.006955636
-0.729852498,0.122572944,-0.004871767
-3.335276604,-0.334780097,-0.66861248
-3.340834141,-0.059922382,-0.358184218
-0.309997201,-0.543106973,-0.473129064
0.011379119,-0.043708183,-0.36287874
-0.650001705,-0.007632845,-0.898104429
-2.138434172,0.073420368,-0.500735044
-0.534160972,0.069472522,-0.176774621
-0.160290658,0.172798187,-0.894475758
-1.701084375,-0.03792385,-0.512433112
-0.178467616,0.168698266,-0.324808687
-0.030783065,0.043169115,-0.07473471
-0.247135416,-0.062493213,-0.183325902
-0.711837053,-0.310393035,0.155440703
-2.077924967,-0.478691787,-0.611956358
-0.268364042,0.079648361,-0.010285006
-0.984621048,-0.084546626,-0.792524993
-0.643262923,-0.0503622,-0.41278255
-1.585656047,-0.243580803,-1.573527336
-0.528436661,0.077633977,-0.330880523
-0.162858814,0.126678646,-2.30047965
-0.091318443,-0.142510429,-3.668562889
-1.191595674,-0.144995511,-1.867149353
-0.299743325,-0.092535853,-2.518156052
-0.246105626,0.033296101,-0.990179062
0.540167034,-0.350580901,-0.949747503
-0.811173856,0.248100162,-2.342873335
0.097578108,-0.208079964,-0.613798141
-1.029585123,0.018916396,-0.118135288
-2.763422489,-0.064517252,-0.378516257
-1.656422853,-0.300244957,-0.9734025
-0.961526453,-0.110883519,0.001300332
-0.231336713,0.025130244,-0.279999882
-0.829664648,0.409967393,-0.08685863
0.41550529,-0.372944206,-1.310192466
-0.73823446,0.059206478,0.179733351
0.119916566,-0.69414705,-4.006058693
-1.040074706,-0.007081501,0.075804822
-2.801124096,0.070255056,-2.330730438
-1.651690125,-0.097253904,-0.916100204
-1.421936154,0.078835629,-0.092426494
-1.686256528,0.001421775,0.2313499
-0.730096638,0.158135608,-4.261178017
-1.246186137,0.023740182,-0.105166949
-0.922743857,-0.287767321,-0.838245511
-0.151605114,0.072811693,0.004899435
-0.855760634,-0.02341718,-0.489463925
-1.067534924,-0.009985559,-0.048757676
-1.40854156,-0.176967412,0.291875511
-0.885106325,-0.004179956,-0.117280148
3.426013231,1.150780678,-10
-0.833569288,0.045115799,-0.671257257
-1.079488873,-0.889810383,-0.935111642
-0.763715088,-0.013627913,-0.032970261
-2.440279961,-0.309695721,-0.867405117
-0.06783323,-0.038220156,-0.444737643
-1.557356,-0.054193839,-0.792189181
-4.485060215,0.141097397,0.428471357
-2.051386356,0.413039058,-1.773488641
-1.478379488,-0.099030763,-0.025282696
-1.062010765,-0.023955051,-0.442339927
-0.983833432,-0.131980479,-0.943010926
-0.800227821,0.134741187,-0.275328904
0.148710236,-0.267503113,-0.913862407
-1.425748467,0.083638161,0.024543069
-2.460745096,0.201417342,-1.320536613
-0.34573555,0.152396306,-0.173432916
-0.160612985,0.009733271,-5.106936932
-2.064462662,-0.020656731,-0.466696709
-2.402168036,-0.083685458,-4.928347588
-1.120607615,-0.076620482,-0.217669576
-1.506621003,-0.285781145,0.087684326
-0.253189623,-0.172186628,0.020108543
0.16286236,-0.871661901,-2.893932581
-1.606783867,-0.123809725,-1.291089416
-2.907539368,0.243631393,-0.251117319
0.449860215,0.038059451,-5.682544231
0.298216939,-0.282657057,-1.078642249
-0.037518032,-0.078608789,-1.750221133
-1.52273345,0.27283287,-0.088501327
-1.800085783,0.345520586,-0.514232635
-2.081497669,0.001415856,-0.182553604
-0.312995434,0.26889959,-4.690458298
0.316274405,-0.080006674,-10
-0.149004385,0.036681976,-0.620634973
-1.47390902,-0.1751322,-0.194561556
-1.17546618,0.700119078,-2.467908859
-1.554791331,0.071556859,0.118271522
-0.922363997,-0.021037694,-0.300955474
-0.503225327,1.051726103,-2.438968658
-0.477559239,0.097103588,-0.504686356
-1.77128005,0.137378767,-0.34890157
-0.795505643,0.118922032,-0.28539288
-2.993734837,0.141693354,-1.364082813
-1.937238693,-0.231368646,-2.926505566
-2.400470257,0.346100599,-10
-0.706142843,0.074085854,-0.949722767
-1.447891831,0.055663597,0.086198151
0.690515161,-1.050267458,-2.758774042
-1.051142216,-0.223067597,-0.632000208
-1.769743323,-0.656450331,-1.463574052
-0.478076845,-0.047710985,-0.134539992
-1.432575583,0.12423715,-1.550990939
1.244680405,-0.938215256,-1.57818687
-1.043922782,-0.049360376,-0.248010203
-0.196304142,0.003155909,-0.041151498
-0.17738767,-0.164471105,-0.490460426
-0.554006755,0.130917475,-0.680476129
-1.287327409,0.071764298,0.013495664
-0.734723091,-0.086151972,-0.113213025
-0.638619184,0.45763886,-0.134538382
0.431537926,-0.493777692,-10
0.441795439,-0.019395798,-4.190126896
-1.89092207,0.282825708,-4.597054958
-2.38294816,-0.566008806,-10
-0.022293065,0.202285334,-4.617407322
-0.326802224,-0.050688487,-0.004916116
-0.612092078,0.478056699,-0.305773675
-0.873782277,-0.207433492,0.29937163
-0.670466602,0.016025588,0.004979219
0.880842805,0.142633811,-2.80686903
-0.225580931,0.014437315,0.017718745
-0.314646065,-0.54522711,-2.441396952
-0.188845992,0.010442651,-0.347483486
-1.037002683,-0.115332827,-0.44441539
-1.233414531,0.482476294,-0.185484305
-0.541481853,0.132954001,-0.34735477
-0.622247815,0.090279706,-1.167957783
2.422714949,0.597955585,-10
-1.731921554,-0.280072153,0.134346649
-1.242293,0.001826436,-0.331077725
-0.6096192,0.070844285,-0.297187477
-0.37961188,-0.002784031,0.020364489
-1.411785007,-0.003213854,0.004681148
-1.990704894,-0.207576036,-0.380495191
1.625305533,0.161277145,-6.020203114
-0.929994047,0.971134126,-1.760609508
-0.103608847,-0.000537578,-0.001597841
-0.361818939,0.018754905,-0.21801047
0.414880961,0.012267749,-2.399881124
-3.260155916,0.451830357,-1.785750031
-1.360258102,0.504399657,-1.106353641
-0.950524747,0.351650089,-3.01502037
3.53850317,2.472221136,-10
-2.096311569,-0.2762115,-10
-1.297583699,0.565444767,-10
-2.330280781,-0.875056922,-10
-3.086589575,-0.340641975,-10
-4.282999992,-2.154673338,-10
-2.035446644,0.977598608,-10
-0.599655926,-0.02420757,-7.513047218
0.396123946,1.331554413,-10
-1.825813174,-0.1141821,-1.693421721
-1.469899893,0.093549043,-10
-1.936366081,-0.418162286,-10
-1.39316237,0.011914561,-5.652609825
-1.831139803,0.017059462,-10
-0.824731052,-0.043694932,-5.505749226
-2.416651726,-0.031995531,-10
-1.716865182,0.301448315,-0.732072413
-0.278499365,0.29857856,-1.884894371
-2.934741497,-0.303863049,-10
-1.819597721,0.43577835,-0.915806472
-1.952849984,-0.237045124,-3.398106337
-1.588517308,-0.263065636,-1.018930435
-1.225689054,-0.166819334,-0.565523028
-0.292093456,-0.030410172,-1.888906002
-0.31231606,0.323183984,-2.297659874
-0.963125229,-0.100089058,-0.152236804
-1.906226873,0.588553965,-1.080543041
-4.682915211,-0.4494569,-10
-2.626460791,0.49633944,-10
-1.894013047,0.012426676,-10
0.701952457,0.744428694,-10
-2.204620838,-0.432495654,-10
-1.625023007,0.802098572,-7.075312614
-1.702638388,-0.628581047,-10
-1.664888263,0.260488331,-3.424926758
-1.588072062,0.125848159,-1.043472409
-1.802683234,0.257758439,-0.740326762
-1.549167037,0.907708764,-1.014012218
-1.769440055,0.849442244,-1.170195818
-1.646905899,0.342401922,-1.256798506
0.566871464,1.455502748,-10
-1.752746224,0.182672337,-0.669201612
-0.300936848,0.222911686,-1.809610248
-1.779351592,0.368534267,-0.785767615
-0.273979813,0.162133038,-1.714229584
1.962176323,0.617903829,-10
4.293838024,1.364868879,-10
-0.295544058,0.274746776,-1.820976377
0.240693346,0.760484219,-5.990782738
0.49636966,0.833415568,-6.443012714
0.111109778,0.284964293,-5.067477226
0.496664613,0.509772837,-5.320773602
5.135373592,-0.379583597,-10
2.213594198,1.565297604,-10
2.022584438,0.723079145,-6.062333584
0.679785728,0.883363962,-6.408908844
0.593118012,0.645909727,-6.000398636
0.354102641,0.402665347,-4.989701271
-2.160008669,-0.085191056,-0.578154445
0.256157607,0.608265162,-6.262327194
1.828421235,-0.005071019,-7.035291195
1.369956374,2.761421919,-10
0.267617375,0.159324169,-4.849564075
-0.420896888,1.712834358,-0.66216743
2.539886951,2.105271578,-10
1.325587034,-0.147577763,-5.435161114
0.909106255,-0.664226592,-4.81212616
2.268895864,0.4255656,-6.366778374
0.925394297,-0.214911535,-4.90068388
0.573082209,0.861594975,-4.198384762
1.923535228,0.122282945,-5.422776222
1.331261039,-0.017382544,-4.982359409
1.789813519,1.447441578,-10
2.036361694,0.363164842,-6.133039951
1.59100771,0.282187164,-5.572257996
0.05404938,1.215893984,-10
-3.539618254,-1.023965359,-10
1.792303443,0.277257174,-5.384521484
1.179974914,0.096686609,-5.063734531
-2.346747398,-1.0915066,-10
2.933316231,3.244388103,-10
1.669960856,0.261108428,-10
-2.672732353,3.814943552,-10
-3.223638296,4.509686947,-10
0.741371751,0.028424354,-7.381865025
0.561160386,-0.205209881,-6.318664074
4.349174023,1.341964364,-10
-0.834505856,0.332560271,-4.472558022
-5.320773602,1.50894928,-10
-1.288250566,0.091637336,-0.742233813
-4.679272175,-0.156874716,-10
2.513033867,3.549803019,-10
-0.443102896,0.97460562,-7.075312614
-1.766866446,1.519002914,-0.341396362
-5.488016605,0.09381219,-10
-2.391415596,0.089619242,-0.718444705
-3.861510515,0.323653579,-10
-2.863331556,2.708121061,-10
-3.087523699,4.188116074,-10
-2.558596134,-0.288416117,-10
0.183364138,0.398375392,-6.172534466
-4.582032204,1.040341854,-10
-0.06938488,0.477628469,-6.485984325
-4.768955708,-0.342289835,-10
-3.367331982,1.312199831,-10
-2.774406672,-0.746002078,-10
0.398824513,0.706182778,-6.437164783
-3.335972548,-0.393023431,-10
-2.960167885,-0.217358902,-10
-0.049528535,0.46456477,-10
-2.937913656,-0.412167221,-10
-0.014465761,1.915302038,-10
0.092032202,0.480845869,-6.096437931
0.065726772,0.939919233,-6.035589218
0.013532799,0.093260348,-5.14099884
0.284094512,0.866122007,-6.485984325
0.353904188,0.670949876,-6.547285557
0.298582315,0.517132163,-5.481095791
0.157664493,0.268138945,-5.032653809
-2.680845976,0.408616334,-10
-3.73698616,5.145370007,-10
-0.422341853,-0.065235585,-5.191798687
0.703113556,0.45910573,-5.924016953
-1.787345886,0.174525723,-0.587381601
0.26941824,0.734969735,-6.020203114
0.347812325,0.856922567,-6.561992645
1.905149341,0.236404553,-6.291872025
0.374224603,0.782859087,-6.608901978
0.117779471,0.509150386,-6.120539188
-0.417991787,0.397718608,-6.162364483
0.750471473,0.883511245,-6.10235548
0.5733549,0.808478773,-6.414433479
0.414227813,0.730719924,-5.897641182
0.353664845,0.505891383,-6.230570793
-0.15331921,0.958183289,-6.634117603
1.038312554,0.823285162,-6.314097881
-0.081646018,0.766165555,-6.398038387
0.009321262,0.800493777,-6.569511414
-0.019972283,0.450575322,-6.454918385
1.161711812,0.061249129,-5.040066719
0.234566525,0.424882412,-5.548108101
-0.043056872,0.171025485,-5.555032253
-0.073058218,0.241522014,-5.236094475
-0.365474164,-0.0701942,-5.073523998
0.097165212,0.470785499,-6.314097881
0.079546936,0.308558077,-5.903605461
0.119789824,0.7194857,-6.492435932
0.189949736,0.76340735,-6.000398636
0.497427404,0.532628119,-5.692934513
0.139240533,0.801497519,-6.512306213
0.633553684,0.685209215,-6.512306213
0.71192801,0.408892721,-6.262327194
0.377933025,0.854839027,-6.189957619
-0.034918088,0.387645513,-4.101484776
0.240222484,0.769553065,-6.540091038
0.379349679,0.6539644,-6.526005745
1.7726928,-0.47921133,-7.192120075
0.604242623,0.807380915,-6.886665344
0.741177619,0.80299288,-6.886665344
0.655517399,0.961054921,-7.381865025
0.517359555,0.897714734,-5.714385509
0.139442638,0.525503278,-6.10235548
-0.715439618,0.020198138,-3.692026615
-0.640208364,-0.142479748,-3.622476339
-0.768377423,-0.064832062,-3.662185431
0.653000176,0.910483897,-6.262327194
1.900661588,0.093652338,-5.297626495
-1.78278017,-0.374148667,-3.921447039
-0.602029562,-0.05135246,-3.685416222
-0.676798522,0.153293148,-3.750814438
0.328054667,0.499034315,-6.07344532
-0.15134798,0.203992024,-4.397140503
0.08982455,0.614312947,-6.291872025
0.974449396,0.556499362,-6.366778374
-0.751406372,0.060198955,-3.372763157
1.147255659,0.265879542,-5.393093586
0.278055221,0.815094411,-6.215417862
0.193297639,0.442403674,-5.251053333
0.517385125,0.875067413,-6.048782825
0.09634123,0.586321294,-6.111364365
0.395763606,0.929173529,-5.936675549
-0.357662469,0.316313803,-4.37719059
0.302093238,0.821292877,-6.569511414
0.129660234,1.117985368,-6.332618713
1.099762201,0.611038089,-5.96525526
-0.160033435,0.418523878,-4.302876949
-1.66161871,0.811347902,-0.851957977
1.23548758,0.122131288,-5.273230553
1.675830603,0.256333083,-4.438209534
-0.357577741,-0.351670206,-7.381865025
1.044170499,0.871801376,-7.035291195
-0.999692559,0.538550496,-0.429769397
0.273095518,0.743619144,-6.634117603
0.006028934,0.892854452,-6.669847012
0.347209781,0.638089538,-6.540091038
0.862826288,-0.543740153,-4.933781147
0.975061953,0.478463829,-6.230570793
1.056593537,0.670162797,-6.250181198
2.251723289,0.458173662,-6.437164783
0.748936236,0.640390813,-4.004935265
0.117351912,0.496746659,-6.296238899
-0.144954234,0.664398968,-6.651663303
0.40925765,0.860197365,-6.561992645
0.808336973,0.515115738,-6.492435932
-0.218980074,0.526020467,-6.819899559
0.631211519,1.328204751,-4.647626877
0.554671705,0.752720714,-7.219153404
0.691739619,1.144263864,-6.698426247
-1.318601251,0.072996825,-5.954068661
0.000816438,0.369633138,-4.193518639
0.152704,0.24889788,-5.04327774
1.96740222,0.502807856,-6.371854782
0.273080766,0.515743673,-5.988407612
0.036197066,0.91206038,-6.492435932
0.548785567,0.91878587,-6.084809303
1.501774192,0.577370644,-5.919867516
-1.502269149,0.41920498,-8.11503315
1.764701247,-0.072326198,-6.314097881
-0.108884305,0.734166086,-6.169121265
0.298191279,0.865113676,-6.145861149
-0.73475945,0.276855618,-10
0.815235853,0.859439075,-6.886665344
-0.381364703,0.833650172,-7.035291195
1.844329953,0.543766201,-6.120539188
-1.226892471,-0.169700593,-0.479400665
-1.717467308,0.584533036,-0.816524744
-1.77458024,0.231367305,-0.769082785
-1.23607862,-0.14228186,-0.576677322
-1.816073179,0.734257221,-1.011602521
0.261795163,0.451387823,-5.456782341
1.122739077,0.060443379,-5.182256222
0.516319156,0.826097012,-6.366778374
0.902134955,0.582095325,-6.278995514
-1.388824701,-0.282228947,-1.063912511
-1.621267676,0.838791549,-0.899141312
0.699861884,0.891023576,-6.366778374
-0.028427057,0.75264281,-6.027837276
0.957348108,0.515856206,-6.398038387
0.243230283,0.270689338,-4.471644402
-0.075147033,0.200930133,-5.282384396
0.542293966,0.858835816,-6.314097881
0.432359159,1.001082301,-6.200710773
0.367480874,0.861203194,-6.332618713
-1.742205024,0.917770386,-1.256959319
-2.104285955,0.028215194,-0.898504734
-1.710653782,1.095918655,-1.223651409
1.622009516,0.713943481,-5.597633839
1.454192162,0.529580414,-4.824681759
0.419126958,0.950936854,-6.250181198
-0.494782388,0.20917277,-3.831934214
-0.10806825,0.29707849,-6.492435932
0.11378812,0.058481682,-1.270084739
0.098740898,-0.167048648,-6.296238899
0.101056233,0.645528674,-5.995567799
-0.094676353,0.495114565,-5.13623476
1.057542801,0.554137111,-6.314097881
3.749303818,-0.30352807,-10
2.007587433,-1.639456868,-10
-1.989777684,0.476619005,-1.494544506
-2.262965202,0.075619772,-1.309811711
-1.797152281,0.656575024,-1.363226175
-2.069928885,0.724500239,-1.498586893
0.539012671,0.04129003,-5.600898266
0.310270935,0.497919947,-6.070644379
0.360746831,0.306191921,-5.526950836
-1.834496498,0.897556484,-1.36792016
-1.980906963,0.593125343,-1.576101065
-1.698492527,0.817530811,-0.989536166
0.260882556,0.58619374,-6.392691135
-1.729688287,0.554482162,-1.334213257
0.270766526,-0.108265042,-6.845546246
-0.231138617,0.492610455,-4.875237942
0.460747004,0.719085753,-6.366778374
0.192455322,0.810335755,-7.859620571
-0.066135474,0.884046018,-6.108343601
0.763458252,0.920537472,-6.35185194
-0.002333109,0.241653785,-4.626811504
0.418231338,0.89040786,-7.768459797
-1.738499641,0.342935771,-1.149730921
0.623239577,0.789696574,-6.250181198
-4.182387352,-1.053389192,-10
0.106836148,0.78821075,-6.90115881
-0.17618762,-0.463271976,-3.960793734
-2.584118843,0.039977945,-1.187044859
0.800301433,0.842662692,-6.120539188
1.927396536,0.141375512,-5.390219688
2.053472996,0.331202269,-6.230570793
-1.114331722,-0.080334455,-0.426593125
0.208390608,1.014503121,-6.392691135
0.312070072,1.000810266,-6.219163418
0.017706109,0.51664263,-6.414433479
-1.744261026,0.44458434,-0.889276385
1.824429631,-0.204315662,-7.513047218
-0.096204251,0.110701658,-5.211949348
0.164458469,0.954195023,-6.845546246
1.269405246,0.600306332,-7.192120075
-0.133575693,0.709779322,-6.318664074
0.229091942,2.827251434,-3.64821434
-0.939884603,0.046841621,-0.026750462
-2.189351797,0.173148081,-0.375527829
-0.034067757,1.232534289,-10
0.095423758,0.4013744,-5.363713741
-2.525468588,0.129263073,-3.071424007
-1.231180429,0.638535202,-2.941251278
0.038029648,0.508790672,-6.35185194
-0.068403214,0.534341991,-5.145809174
0.605041027,0.013098475,-5.954068661
0.190808356,0.481344908,-6.460978985
0.001591862,0.33348906,-3.495693445
0.223892212,1.013475418,-6.356778145
-1.695999861,-0.170571044,-0.509395301
-0.80309391,-0.040548723,-10
0.355072081,0.721767008,-7.118818283
-0.526668906,0.142218694,-0.444690764
0.03867811,0.8225348,-6.437164783
-0.659759283,-0.037524331,-4.693828106
-0.397528052,0.283867687,-0.44025138
-0.401536077,0.220011279,-0.452891439
1.387620211,0.473454684,-4.722954273
-0.587721467,0.042366188,-1.068205833
-0.074554503,0.807933033,-6.126750469
0.158188254,0.601036608,-6.084809303
0.680921018,0.817949295,-8.11503315
0.040968716,0.86287576,-6.460978985
0.653184056,0.831007063,-7.859620571
0.175195172,0.211504936,-5.104908466
-0.148977369,0.328541279,-3.468065739
-0.054337859,0.661935627,-6.159019947
0.595332325,0.419725209,-6.000398636
0.39908886,0.854059756,-6.492435932
0.867384434,0.172779128,-5.717133045
0.120444484,0.776264727,-6.356778145
1.524088383,0.828154206,-6.600771427
-1.572863936,-0.641712308,-0.675052464
0.124295011,0.794224083,-6.111364365
-2.591420174,-0.286974043,-1.08454442
0.421161979,0.016947199,-5.945296764
0.234419912,0.002227745,-6.062333584
-0.007627139,-0.091997594,-5.277786732
-0.458640337,-0.068673313,-5.212953568
-0.207370356,0.235566989,-6.238322735
1.648989797,-0.748180151,-5.09211731
0.061817061,0.531383872,-6.117462158
0.040586956,0.307576567,-5.248888969
-1.81231463,0.552580893,-1.085801005
-1.828464866,0.531317949,-0.66812712
0.507731199,3.722073555,-3.806056023
0.108784541,0.472012579,-6.398038387
-2.846459627,0.073645383,-2.112429619
-0.987554312,0.467972428,-0.61128813
0.67235744,2.535088778,-3.62278986
-0.732776821,-0.210224658,-1.388478756
-1.84940958,0.28691861,-1.198282599
2.016225815,0.749857545,-6.179430962
0.100818709,0.726011455,-6.371854782
-0.551138937,-0.644989014,-10
0.202078477,0.619252086,-6.022735119
1.306143641,-0.255948842,-5.425843716
-0.540839911,1.097214937,-2.871673107
-1.73404932,0.162408665,-0.511480808
0.238592371,0.720751643,-6.473325253
0.261461407,0.344741404,-6.108343601
-1.045254827,0.127473131,0.014390304
0.073227562,0.467158824,-5.627810955
0.268986374,0.648561716,-5.148010731
0.114053935,0.525364578,-6.278995514
0.558605313,1.075001001,-6.366778374
0.319388866,0.756569266,-6.540091038
-1.865602612,-0.006325668,-0.809961796
0.114682898,0.453370005,-6.246196747
3.243376493,0.978763819,-10
2.718899012,0.979837656,-10
-1.598038554,-0.069641799,-1.292746663
0.154249191,0.765535355,-6.485984325
-1.816388965,0.690197289,-0.972152293
1.681839585,-0.361359984,-7.192120075
-1.203202128,-0.257231504,-0.695954561
-1.789695501,0.773868561,-0.700046718
-1.548395991,-0.063196935,-1.199084282
0.831877053,0.415341735,-5.138394833
1.192103267,0.38535431,-7.381865025
0.852984428,0.444028646,-8.31776619
-0.159366533,0.623262167,-6.250181198
-1.728519559,1.063355207,-1.159205079
0.233919591,0.470168829,-5.28469944
0.44798848,0.355906963,-7.768459797
-0.080952778,0.203460053,-4.136200428
-1.950463176,0.052929074,-0.391753525
-1.875366926,0.152856618,-0.758373857
-2.421657324,0.111526929,-0.572904289
1.476641059,0.059963457,-5.838090897
0.043956444,0.439643174,-4.507597923
-1.892111301,0.273367673,-0.763022065
-1.676893592,0.386399597,-0.500169039
-1.181313992,0.368474334,-0.462928295
-1.63037467,0.402617365,-0.362133384
0.350498617,0.994270623,-7.859620571
-1.653290749,0.10984356,-0.581645787
-0.533672571,-0.089797445,-2.58143425
-1.276482582,-0.272866994,-1.446845412
-1.781682611,0.481744707,-0.646791816
-0.485153139,0.94508791,-4.245832443
-0.417745024,0.877700388,-3.547727823
-1.877348781,-0.13228792,-0.720529437
2.923456192,0.382676095,-8.11503315
2.117772341,0.017225211,-7.344810963
-0.604159415,0.020183777,-0.432886183
-0.711282313,0.526376605,-2.398231506
0.666808426,0.665704846,-4.496082306
1.692900062,0.119566396,-7.381865025
0.037611607,0.217572376,-4.244743347
-0.306022257,1.409019351,-3.218010664
-0.164059639,-0.149646133,-0.202925503
-0.490772128,0.915667892,-4.294398308
-1.884584069,0.251866549,-0.784931481
-0.368277252,1.272725463,-3.416195393
-0.547627389,0.242106825,-1.454159737
-0.611920238,0.135125637,-1.392679572
-0.597483754,0.287600309,-1.478290677
-0.537918925,0.236398637,-1.769679189
-0.890065134,0.334542602,-1.526975274
-0.54688853,0.212050885,-1.436585307
-0.563464642,0.160695821,-1.369950891
-0.514324665,0.158133179,-1.398818851
-0.853551567,0.708374202,-0.437827229
-0.608626664,0.468991309,-1.369603992
-0.661812365,0.062930837,-1.273151636
-0.21665135,0.34518221,-1.554939032
-0.609403193,0.062763408,-4.631816864
-0.580899477,0.264656276,-1.449538708
-0.525662422,0.346764952,-1.482115507
-0.275935888,-0.147447184,-6.04346323
2.286266565,0.975932658,-6.78373909
0.436939955,0.86147809,-5.976697445
0.416783512,0.899862289,-6.437164783
-0.399639636,0.374031276,-3.728104115
0.285762936,0.785811663,-5.951861382
2.860325098,0.363844186,-8.11503315
0.68204999,0.714357734,-8.31776619
-2.485293865,3.738117456,-10
0.296889544,0.438572019,-5.197125912
-1.37623632,-0.145105168,-0.438867867
0.681082308,0.361829758,-6.159019947
-1.133720994,-0.124141201,-0.44960317
-0.115040123,0.306931734,-5.245123386
-0.703443229,-0.085140787,-1.830818176
-1.305827379,-0.301458687,-0.425615937
-0.447782934,0.496935278,-6.126750469
0.20860146,-0.042209085,-7.344810963
0.386095434,0.706938088,-7.465392113
-0.190837532,-0.217741728,-6.886665344
0.443040133,0.623266995,-5.866980076
-0.658665299,0.752842426,-5.809121609
-1.755494475,0.057853337,-0.59226054
0.493579775,0.60434103,-7.513047218
-1.466739058,-0.083428353,-0.109076351
0.942067742,0.143773496,-6.608901978
-1.539093256,-0.043234903,-0.751965761
0.794579506,1.087284565,-5.315193653
-1.904294968,0.184200808,-1.356921434
0.809313059,0.309663653,-2.462095261
-0.236278057,-0.040110935,-4.755691528
-0.720743537,1.092993021,-6.669847012
-0.713535964,0.615095735,-0.34765026
-0.618382335,0.142338321,-0.647373736
-1.072939634,0.126810953,0.022764385
0.392016649,0.477295458,-7.219153404
-1.935364485,0.039341688,-0.663744807
5.276072979,-7.016420841,-10
-2.182980537,-0.733500779,-4.753080368
-0.896201968,0.056536701,-0.342369825
-0.871393263,-0.003536496,-0.653134227
0.334062696,0.277798176,-5.138394833
0.709405959,0.836510539,-8.31776619
0.811269939,0.568146348,-7.513047218
0.660153866,0.61312151,-7.344810963
0.503601372,0.428394556,-7.381865025
1.341448188,0.235236287,-8.31776619
0.848955333,0.29328835,-7.219153404
0.754154563,2.75844121,-4.136901379
5.809121609,-0.380432129,-10
1.833727717,1.886599064,-10
-0.131555751,1.741755247,-3.971931458
1.909669518,0.963842094,-10
3.741473675,1.647052288,-10
-0.473978072,0.985888839,-5.032653809
-0.431279749,0.971790731,-4.274926186
-0.531422973,0.787000179,-4.922410011
6.230570793,inf,-10
-0.995619833,-0.128472462,-3.864993811
4.859130859,5.580574512,-10
4.309351921,5.643017292,-10
-0.587567568,0.460660964,-3.406539202
-0.536155999,0.618931592,-4.065565109
-0.584732294,0.81829077,-3.817406416
-1.990450621,0.083044849,-0.492824763
5.395983696,6.454918385,-10
3.991122007,4.528123856,-10
-0.425092936,1.02224803,-4.251164436
-0.511930346,0.885651827,-4.231296062
4.970460892,inf,-10
-0.522443116,0.836057007,-4.028651714
-0.490751803,0.67967397,-4.71938324
3.457517624,4.871416092,-10
-0.555233955,0.361141771,-3.948092222
-0.495193154,0.903498352,-4.032384396
-0.428423524,0.844926655,-3.576619148
-0.292341501,0.911103308,-2.377143383
-0.514399052,0.635215878,-3.386983156
-0.534228027,0.462135792,-3.32613349
-0.187287852,1.295596838,-4.060874462
0.104902305,1.701045156,-4.433112144
3.864383459,3.968622446,-10
6.051463604,6.258245945,-10
-0.290734053,1.672440529,-10
4.727121353,1.104894042,-10
2.605952024,1.729359746,-10
-0.404808789,0.778141618,-3.583147764
-0.216269597,1.090185881,-10
5.15512228,6.651663303,-10
-0.228641257,1.513522983,-4.081368923
-0.406828582,0.833010316,-3.925413847
-0.031117117,1.919713974,-4.577358246
-0.196489424,2.52716136,-10
-0.336936325,-1.214024425,-3.497596025
-0.130834416,2.289295197,-10
0.028598377,3.013286829,-10
-0.001874707,0.301908404,-6.980691433
-0.205835223,1.580576062,-3.196709633
-0.427502275,-1.276429176,-2.104213715
-0.434848428,0.86322999,-3.593300343
-0.449926704,0.859259844,-4.924663544
-0.194438726,1.447180033,-5.008374214
-0.468540311,-1.497273445,-2.886377096
-0.514235973,0.614930034,-4.989058495
0.218460351,-1.746393085,-7.192120075
-0.037019718,1.604010344,-5.047230721
-0.167566001,0.358561158,-2.76422739
-0.415011168,0.735216796,-3.591547966
0.370804369,-1.391105175,-7.768459797
-0.331173927,1.050813675,-3.437816858
-0.116683148,0.456314087,-6.035589218
-0.306603193,1.477532268,-4.704802513
-0.201960102,0.764557421,-10
1.015128016,-0.803134918,-10
-0.395351052,1.109437108,-3.499636889
-0.410508603,0.013340346,-0.313437551
-0.359597445,0.384702057,-0.246845797
-0.305951327,-0.05843899,-0.18076241
-0.675059199,0.211484075,0.086993583
-0.573139489,0.291902751,-0.003242422
-0.786911309,0.368530363,0.017896807
0.180572733,-0.564225793,-4.12187624
-0.569807649,0.130592495,-0.012103302
-1.581577659,0.086695008,-0.181958854
-0.693441689,1.256449819,-2.689001322
-1.835539699,0.171552837,-0.25083378
1.630426645,-0.846087337,-10
-0.488518238,-0.47442168,-4.014497757
-0.246280819,0.078639694,-1.887932897
-0.280580401,0.198056415,-4.119330883
-0.282759279,0.06692642,-2.587291479
-0.753640711,0.645677507,-0.972816825
-0.656258404,0.178717211,-0.312877834
-1.894260883,0.265614659,-0.646887362
-0.318420798,-0.136149392,-0.239172131
-0.205064833,0.043390557,-0.05856739
-0.306764662,-0.233492956,-1.704936624
-1.366047859,-0.009253115,0.042574693
-0.754163325,-0.012386876,-0.563703597
-0.820415616,-0.102387808,-0.747497439
0.29775548,-0.468696862,-0.812832832
-1.161758661,-0.229806885,0.05018229
1.507695913,0.243638977,-4.857153416
-0.691914141,0.292322069,-0.148031637
-0.969910681,0.212186888,-1.63141942
-1.929773331,0.083646961,-0.316839427
-1.993027925,-0.093584619,-0.347578436
-0.655177057,0.878991008,-3.307830334
-1.909066319,0.127247289,-0.239476711
-0.464849532,0.465130985,-3.436748028
-1.311789989,-0.099992685,-0.123811565
-0.290068656,0.248544782,-2.924577951
-0.386884868,0.080798544,-0.628297687
0.136046365,0.391601771,-6.90115881
-0.955637515,0.012859812,-0.421203643
-1.681557536,0.091965862,-1.400000572
-0.209289595,-0.013528284,-0.261865139
-0.298409969,0.329440534,-0.341169745
-0.988156676,0.157644153,-0.146316409
-0.59895736,0.02916269,-0.199492827
-0.822572827,0.089080982,-2.380306482
-3.997803926,-0.69114691,-10
-0.779037595,0.287602842,-0.739343286
0.568059683,1.086154819,-6.886665344
5.718512058,1.345219493,-10
-3.415213108,0.957670152,-10
1.4766047,1.484754801,-7.624619007
-3.477790117,3.246920824,-10
-2.012836933,-0.095610537,-10
2.227427006,-0.772115827,-10
-10,inf,-10
-0.382994264,0.585487783,-4.802525043
-0.375796467,0.190289751,-0.17432639
-0.938418031,1.687537313,-10
inf,inf,-10
-0.058696359,-0.132852778,-7.768459797
-0.135783955,0.743059337,-5.587966442
0.081336513,0.290588528,-2.330841303
-0.277992427,-1.569102407,-2.595797062
-1.595625758,-0.029949637,0.030332632
-1.28957653,0.631020606,-2.703835964
-1.067296743,0.300508469,-2.249784231
-0.951664388,0.175058514,-0.097381353
-6.708327293,-0.617039204,-1.613339782
-2.107142925,0.586773813,-2.656635046
0.154972851,0.011551295,-0.027626656
0.911798477,-0.434529543,-4.254036903
-1.058500886,-0.149407268,-2.960497141
-0.059159424,0.538069248,-2.366814137
-0.001151746,0.007642909,-10
-0.325796455,0.265732527,-5.310285568
-0.11006096,0.148171648,-5.637113571
-0.714944005,0.062016547,-5.24619627
-1.009935856,0.041814651,-4.745722294
0.407849967,-0.111244306,-4.556781292
-0.73856163,0.254207522,-4.683786392
0.37205255,-0.007531166,-5.067477226
-0.574693501,0.628834009,-6.283250809
-1.031600833,0.30934006,-4.631659508
-0.230935439,0.199709386,-5.627810955
-0.078340799,0.351004481,-5.608599186
-1.924575567,0.010269073,0.005258818
-1.811620474,-0.092581965,0.128356636
-1.537961245,-0.018497262,0.073243223
0.482604146,0.021814575,-1.43613112
0.100562178,-0.017539691,-0.396037459
-10,1.549757123,-10
-0.771778762,0.077979118,-0.606048465
-1.159954906,0.277773857,-0.724743307
-0.282735735,0.159989655,-1.866699696
-1.202362657,0.060330924,-0.442880392
0.616015017,0.556916833,-5.901609421
-0.133085847,0.019208968,-0.413092464
-1.312381029,1.035675287,-3.609475374
-0.405979455,0.917977512,-3.627160311
-0.190297902,1.61837244,-10
-6.931471348,1.412692308,-10
-0.451821744,-0.055700663,0.091492459
-0.032488018,-0.113169283,-1.218477845
0.238292232,0.614446521,-5.827673912
-0.629429758,0.01277356,-1.1709553
-1.242681265,0.348351002,-1.366385341
0.207427889,1.311065197,-4.069941998
-0.23495467,0.922762692,-4.634812832
-0.691518068,-0.291068524,-4.675140858
-0.991807342,-0.47049734,-5.371243
2.250691175,0.760363579,-6.186424255
0.787437081,0.605338693,-4.908277035
0.176426813,-0.144116163,-4.081264496
-1.613598347,-0.468857884,-2.195013285
-0.127860561,0.072622932,-2.326962948
-1.135601163,-0.020827828,-4.749486923
1.013465285,0.634034872,-5.298818111
0.145080179,0.096597716,-5.160070896
-1.077987909,1.250052691,-0.90749532
1.053119063,0.345639914,-5.575360298
-2.91763258,-0.073558018,-1.327152014
-0.947245002,1.133469105,0.101525426
0.159497216,0.295906454,-5.140563965
1.067716479,-0.297887832,-4.861364841
1.261731267,0.237045512,-5.365074158
0.121305086,0.20570378,-5.1696558
0.037320513,0.366474211,-5.488888264
-0.287213266,0.267921001,-4.964616299
0.669661462,0.133660868,-5.323273659
0.056347236,1.551123023,-4.722577095
-0.065789923,0.434241086,-3.819850206
-0.521691918,0.160503671,-3.896691322
0.070145428,-0.037440147,-4.599701881
0.860861063,0.43922013,-4.984900951
-0.026743891,0.007487028,-4.454151154
-1.187975287,0.073719874,-4.411503315
-0.796459675,-0.087471887,-2.82336688
-1.963041425,-0.216909274,-6.133039951
-0.232114002,0.061753415,-5.692934513
0.841269135,0.262953043,-5.836339474
-0.656445861,0.476506352,-4.739834785
-0.783298433,-0.432388902,-6.230570793
0.513072431,-0.764968336,-6.540091038
-0.935505867,0.092204578,-4.937822819
-1.303342938,-0.225984424,-0.556237578
-0.906946361,-0.056635454,-0.077324994
-0.589451492,0.247420475,-1.50549674
0.105381139,0.080460846,-2.639967203
-0.71103555,0.139168069,-0.792775989
-0.519561946,1.040124774,-2.59978056
-0.966337323,-0.065094642,-1.484874845
-0.604007483,0.417903483,-1.623706698
-0.565017521,0.526998103,-0.788640499
-0.651051044,0.59675169,-2.261362791
0.049065005,0.364017516,-5.187959671
0.000507655,0.184622839,-5.03090477
0.263350308,0.390452564,-4.679099083
0.156233802,0.434110701,-4.260055542
-0.055960592,0.624892056,-4.033428669
0.655156076,0.1679461,-4.857400417
-1.52401638,0.135812283,-0.034421906
-1.070318818,0.264055192,-0.387819946
-1.527646661,0.12559931,-0.028992202
-0.825169504,0.210494563,-0.281885624
-1.202240229,1.118191004,-0.762148798
-1.641554356,0.22289288,0.010290353
-1.005364537,-0.106704704,-0.020746877
-1.321103096,-0.068789862,0.108173296
-0.805635452,0.059828892,-0.347216755
-0.481591463,0.36234507,-0.030715022
-0.734105825,-0.000914647,-0.719882965
-0.540091038,0.403766364,-8.11503315
5.141870022,0.050274707,-10
0.644022763,2.352892876,-10
-10,inf,-10
-0.481591463,0.36234507,-0.030715022
-2.858347654,2.034831762,-10
-3.435782194,3.262219429,-10
-0.05790503,-0.099621251,-3.042329073
-0.38504383,0.554014623,-4.755087376
-0.92638272,0.056530155,-0.035760131
-0.669334292,0.019390224,-1.207581043
-0.847921073,-0.046738233,0.009844592
-0.291361928,-0.072898589,-3.078910589
-0.879057288,0.976015091,-0.398181558
0.898790121,-0.643811405,-6.980691433
6.886665344,0.927650392,-10
-1.038968325,0.646026373,-0.607549071
-1.171985388,0.577338457,-0.665756285
-0.607841313,1.027845144,-0.339031219
1.866380334,-0.226775035,-7.465392113
3.489018679,2.266049385,-10
-5.691623688,-0.127224177,-10
1.632231593,0.10351824,-6.437164783
6.931471348,1.871889234,-10
-1.195470929,0.83996737,-0.857515812
-5.838090897,-0.243425772,-10
-2.748228073,0.44802177,-10
1.830455184,-0.570970178,-8.11503315
3.453130245,2.153137445,-10
-1.629154682,0.10251037,-10
0.076829061,0.736219823,-10
0.42433697,0.581723213,-6.169121265
-1.122656226,-0.058215439,-0.294409841
1.284376383,0.714000404,-5.855949879
0.982612252,-0.896675348,-7.118818283
-0.252551645,1.543824911,-4.214638233
1.681026697,1.12060976,-8.11503315
-0.567425907,0.217691004,-2.24418807
-2.43719697,-0.823031187,-10
0.138755172,0.397473127,-4.301819324
-10,inf,-10
-0.401238471,0.197581202,-0.168827504
-2.04678297,0.11947377,-0.781607747
-0.682218671,-0.06375704,-0.142070949
-2.190338135,0.238220468,-0.101086132
-1.782102585,0.138270572,-1.601251364
-0.215358168,0.251149237,-0.732355833
-0.960943162,-0.176317602,-0.235273272
1.132989645,0.120413959,-0.757681131
-1.5532161,0.309610337,0.213028923
-6.795504093,0.31454742,-6.314097881
-2.142771244,-0.002088969,-0.252557486
-1.056398153,-0.051771861,-0.314024985
-3.433211088,0.225644052,-5.318285942
1.255586743,1.152171731,-5.230858803
-2.528518438,0.152867019,0.151277065
-1.599264622,-0.215731338,-0.954402208
-0.873452663,-0.034765221,-0.370728105
0.25735411,-0.045476045,-0.48677063
-0.191956669,0.220558703,-1.059659362
-2.330717564,0.254344046,-4.321712971
0.167635068,-0.079981819,-0.321621001
-1.439464331,0.155662686,-0.150209263
-1.542516947,-0.065958805,-0.861647248
-1.380548716,-1.266419768,-4.599259853
-7.859620571,-0.198139235,-7.192120075
-1.409861445,0.481797665,-1.344608545
-1.278925776,0.356559753,-0.066398472
1.021919608,0.258143961,-3.017135143
0.091085739,0.049591143,-0.523278713
-0.993871331,0.129487291,-0.507867098
-0.116622552,0.020028356,-0.377480805
-1.011235118,0.04690963,-0.97768271
-3.199416637,-0.050009765,-2.415140152
-0.824174821,0.062854216,-0.580318511
-1.132216573,-0.17124863,-0.433564395
-0.137732312,-0.057610195,-0.243191481
1.69361341,0.134902418,-2.645115614
-1.693103433,0.089965925,-0.319390476
-0.924598396,0.030626522,-0.848500907
-1.901110053,-0.024389477,-0.38814351
-1.908034444,-0.490975797,-10
-1.713380218,-0.28785041,-3.145364523
-3.340739012,0.08968655,0.135383442
-1.291392326,-0.006901846,-0.317545176
-1.463631749,-0.122316524,0.391012639
-0.686605573,0.422147244,-0.179969013
-1.088903904,-0.158176467,-1.81844902
0.726181269,-1.35858345,-5.539344311
0.816644073,-0.152946576,-10
-0.076930866,0.121537611,-0.370285898
-0.489659548,0.098970614,-1.151844382
-2.327736855,0.53483808,-3.762512922
-1.583459496,0.058177114,-0.133426949
-3.733973026,0.040444795,-0.214423954
-1.584662318,-0.085204005,-1.031419873
-0.459432572,-0.039871186,-0.018853629
-2.653716803,-1.673545361,-10
-2.127719641,0.048096705,0.306955755
-0.485963643,-0.357827425,-3.220957279
-1.158425212,-0.027658703,-0.128580227
-0.315705687,0.089338325,-0.021439536
-0.554119468,0.413081199,-0.185869098
-0.411827922,0.003399702,-1.090543151
-0.666408241,0.571688294,0.008474523
-0.169360951,-0.063823618,-0.093396343
0.492013335,0.004922695,-2.495967627
-0.897631049,0.041386906,-1.363088369
-1.585502148,-0.079852276,-0.017886722
0.482258826,0.901695013,-10
-3.946372271,0.148122355,0.955856502
-1.001070499,-0.049099904,-0.391950727
-2.538888931,-0.060053244,-0.564180732
0.496753335,-0.385416448,-0.986607313
-1.067544103,0.195165962,-0.941873729
-1.261813641,-0.083504722,-0.0603888
0.373939753,-1.179396868,-6.443012714
-1.665150404,0.205129862,-1.105039001
1.820503473,0.219964042,-4.894266605
-0.67754221,0.06657137,-0.913276434
-1.205966711,0.264678866,-4.750283241
-1.586771369,0.140861452,-1.373039126
0.163092926,-0.250937909,-6.728738308
-0.52307564,0.241720855,-4.039644718
-2.205732822,-0.411011457,-0.915155828
-2.311614752,-0.994106472,-7.016420841
-1.622848988,0.249165341,0.240228981
-0.949736178,-0.011795856,-0.056119435
-1.994214654,0.168844551,-0.13164252
-0.672620356,1.151183128,-4.980462074
-0.612349629,1.042151928,-10
1.010388494,-0.455137938,-5.037229538
-0.260075659,0.105289251,-0.165681273
-1.540765524,0.615637779,-2.455850363
-0.225364402,0.029301813,-2.731833935
-2.355095387,0.177387148,-1.471138716
-0.867063284,0.40381515,-0.527935565
0.040087279,0.17941983,-0.208739132
-0.673854649,0.487652212,-0.176097348
-0.906892836,-0.691460431,-1.538680792
0.124236137,-0.877776265,-2.384027958
0.900088012,-0.823329926,-10
-1.104952931,0.406243294,-0.288819939
-1.240607381,0.054543078,0.109306671
-1.143767357,0.0705413,-0.062714636
-0.796868086,0.415526301,0.090389058
-4.991634369,-0.372445077,-2.200672865
-1.984273911,0.025232635,-0.091146298
0.033100802,-0.491560876,-0.214341477
-0.743180752,0.021034669,-0.521467924
-0.715046465,-0.120664187,-1.822420597
-1.124167562,0.175307676,-0.12926507
0.058705751,0.096486486,-0.386269957
-0.28172639,0.287807554,-1.286429405
-0.948773682,-0.170307204,0.118317261
-1.209987164,0.083336353,-1.106013536
-0.694513023,0.203461349,-0.199275851
0.340506107,-1.087880254,-1.298308015
-4.710473537,-0.15914093,0.163657025
0.089377515,-0.026341902,-1.280879736
-1.187084436,-0.156105399,-1.349075079
0.555515528,1.138316989,-4.310756207
0.588306785,1.225996971,-10
-3.02022624,2.439495564,-8.11503315
-1.254109859,1.101692557,-4.538972855
-1.388686061,-0.113393292,-4.281125069
-1.534213185,1.480494499,-10
-0.460935324,1.429599881,-4.698476315
-0.942575157,0.181384832,-3.894742489
-1.542014718,0.295681179,-3.937545776
-2.062910318,-0.576925576,-10
-1.792344332,-1.367075443,-7.075312614
-1.771439195,1.055328131,-7.278045177
-0.881027818,-1.504438043,-4.040030003
-1.946998954,-1.091838598,-6.50559473
-0.418396562,-0.448218524,-10
-0.589696944,-2.776664972,-4.523672104
-2.154492378,-1.426984668,-3.539635897
-2.264579773,-0.013435904,-0.545594513
-5.011723518,-0.349554747,-2.306407213
-0.724135399,-1.361653566,-4.887930393
-4.797026157,0.121700726,0.233388558
-2.434684038,0.070910215,-1.43864584
-1.551253676,-0.131439984,-0.982524753
-1.784210563,0.193347558,-1.671942115
-1.504921436,-0.037067685,-1.478168607
-3.807627201,-0.313576579,-0.934988618
-1.554874897,0.294843078,0.219992056
-1.118910551,-0.041969083,-0.135886192
-1.018148184,0.018639669,-0.175452098
-1.505135417,-0.145141572,0.415011466
-4.418124199,-0.048056312,0.156671807
-1.090032816,-0.015429196,-0.266843289
-2.695677042,0.039055202,0.161509424
-4.509933472,-0.038453937,0.139968038
-4.402677059,-0.127625555,0.155186549
-2.636036396,0.08429043,0.15884614
-4.371647358,0.320188224,0.177725211
-2.210170269,-0.318356305,-0.94971633
-2.463668108,0.116445892,0.098921746
-4.656795979,-0.083530545,0.197995886
-1.943793774,0.033446297,-0.100982167
-1.950239301,0.07698153,0.158994183
-2.5982759,0.055208836,0.14315778
-2.298425198,0.306186825,0.325109959
-4.417509556,-0.079050645,0.06999661
-4.471074104,-0.190600783,0.355773419
-2.351080656,-0.049468637,0.034625277
-4.569525242,0.252692014,0.207274258
-4.634812832,-0.177807033,0.248014599
-0.993937552,0.501556695,-4.968607903
-2.780930758,0.03881263,0.166973233
-5.00737381,0.184437826,0.16691041
-2.665029287,0.040101312,0.165846765
-5.04042244,-0.371987998,-0.111590534
-4.306062698,0.155246854,0.261522323
-2.601563692,0.085900344,0.095730856
-0.94986254,0.055323839,-0.523466349
-4.976061821,0.115903527,0.135113999
-5.385940075,0.291206241,0.014700724
-1.248656869,-0.856803954,-6.437164783
-3.46877265,0.125995561,0.157292217
-4.632603645,0.128962919,0.057133723
-2.684581041,0.129425734,0.153942272
-0.781689405,1.242718697,-5.120117664
-2.633322001,0.034092374,0.152101949
-4.58302927,0.003084142,0.275921822
-0.551774442,-0.197965562,-2.772830963
-2.058906555,0.186038077,0.1745684
-2.557947159,0.027732417,0.160210669
-1.014503241,0.023049735,-0.451842368
-1.165127397,0.160278857,-0.148352608
-2.353550911,-0.318416417,0.09306851
-2.091593742,0.09753982,0.15852645
-4.188828945,-0.088419668,0.289502889
-0.675547183,0.033880584,-0.155423105
-1.315944672,0.120069668,0.116607174
-1.199519634,0.010615973,-0.222421989
-2.620032549,0.074644215,0.153351128
-2.577260494,0.003705359,0.156606242
-2.267723322,0.182830364,0.101721503
-5.94096756,0.035002761,-0.291788608
-2.583703518,0.024979761,0.140472114
-1.031588078,0.079151034,-0.543881297
-4.714166641,0.08386416,0.20498541
-2.71849823,-0.445883274,0.638403833
-1.925284743,-0.567870319,-10
-2.058743,-0.244395733,-0.086707786
-2.62990284,-0.133817792,0.173975781
-1.54550302,0.110885002,0.193221316
-1.17216301,-0.125866562,-0.45762077
-2.547754049,0.12525253,0.153873488
-0.948635161,-0.150815114,0.118297599
-1.697271109,0.026428282,0.14952828
0.368617713,-10,-10
-2.70571804,-0.702387512,-7.016420841
-4.569941521,0.408715993,0.121436886
-1.482963681,-0.056673221,-0.012857982
2.133831739,0.51526773,-10
1.578597903,0.757905126,-10
1.752322078,-0.061809208,-10
1.466545463,inf,-10
2.462430239,1.222290993,-10
1.349591613,3.890082121,-10
1.963815093,0.767118514,-10
1.790206075,0.491698474,-10
2.380366802,1.085375071,-10
1.883195281,0.913460374,-10
0.831789136,0.048272256,-2.870756626
-0.801724851,0.175328434,-10
0.073684275,0.403152287,-10
-10,-2.694895506,-10
1.48659265,-0.01832151,-10
-8.31776619,-4.313660145,-10
0.801775932,0.127242431,-10
-1.689861774,-0.020227041,-0.010010065
-2.217536688,0.069031775,0.156812951
-2.672893047,0.138150141,0.165797532
0.482636869,-0.023011459,-2.471909285
-1.623065829,-0.932546318,-7.035291195
-0.986650944,-0.327566355,-2.033005953
-1.060142517,0.259744197,-0.979102671
0.222543091,-0.082993969,-0.468308449
-1.171871662,-0.14891313,0.049517013
1.398338556,-0.13982141,-10
0.194842905,-0.238224462,-6.443012714
-1.81640327,0.460004002,-4.738276482
5.838090897,-10,-10
1.406788945,0.921916962,-10
-2.384484768,0.447318256,-4.545808315
-2.275290728,0.33881098,0.311529011
-2.656137466,0.094952874,0.164876953
3.961657524,4.859130859,-10
1.348586917,inf,-10
-2.714645147,0.043862119,0.162076026
-2.347477436,0.18337062,0.330077767
-2.499661207,0.185419083,0.300013691
-2.510658979,0.038974319,0.140549272
1.220884204,6.062333584,-10
3.056331158,1.658095002,-10
-2.71862936,0.064875863,0.163308427
-1.623173714,0.403605521,0.358357668
-2.762148142,-0.011378554,0.161724031
2.630944252,inf,-10
-2.537043095,0.143596888,0.137122005
-2.383019447,0.283690572,0.325947642
1.349613547,0.766463757,-10
2.097280264,0.584803581,-10
1.430424452,0.478339553,-10
inf,-10,-10
3.369005442,1.378743529,-10
0.779848039,0.664655983,-10
6.761007786,4.90068388,-10
1.833244443,0.286857039,-10
-2.06612134,-0.286845058,-10
1.131036997,1.137643337,-10
-2.098442554,-0.852380157,-10
-2.283378839,-1.298110366,-10
-1.870399475,-0.121474944,-5.416697025
-2.039453506,-0.956745148,-10
-1.395378113,0.550247967,-8.31776619
-2.226163626,-1.373870611,-10
1.131418705,1.597205877,-10
1.935074806,1.868546009,-10
1.793824196,0.386864781,-10
1.006134987,1.185350299,-10
0.808264256,1.264925718,-10
1.468333006,0.298034281,-10
2.190536022,0.56143564,-10
1.121194482,0.672623754,-10
1.09157002,0.887902081,-10
2.7977705,1.181439042,-10
2.503366232,0.805599153,-10
3.076787233,-10,-10
1.146539688,0.837000251,-10
3.781910181,5.120534897,-10
1.871171832,5.829394817,-10
1.374090791,0.576849461,-10
-2.612381697,-0.003493989,0.298823178
-2.357219696,0.236491576,0.335388035
1.117382288,1.26519084,-10
-2.245209932,0.468390077,0.470451593
-2.243884325,0.27912879,0.335474849
-2.192092657,0.305764228,0.337356985
-2.29058814,0.096998334,0.247255668
-2.321898699,0.137098297,0.337988704
-1.99616468,0.302659303,0.348336071
-2.359504223,0.330978364,0.337737024
-2.371999502,0.065645762,0.422184557
-2.122325659,0.364299774,0.326693058
-2.561151505,0.307349324,0.347723573
-1.737119675,0.394095153,0.286162764
-2.314760685,0.216105446,0.292729884
-1.48221004,0.172339126,0.219029069
1.54049778,0.773102999,-10
1.530072451,1.238655448,-10
1.237172484,0.359071791,-10
1.587038755,1.041723251,-10
1.34127903,1.3301723,-10
2.106119394,1.25287509,-10
0.439667284,0.227165699,-10
2.931499481,1.319251895,-10
2.061264753,0.669995666,-10
1.636939883,1.089948654,-10
1.219411612,1.504456997,-10
1.027715206,0.846337318,-10
1.554839492,1.156316042,-10
1.229041934,0.80464977,-10
1.98786211,1.518796444,-10
1.174696684,0.26172778,-10
-1.25071,0.36303484,0.4612234
